Id,ActivityDate,TotalSteps,TotalDistance,TrackerDistance,LoggedActivitiesDistance,VeryActiveDistance,ModeratelyActiveDistance,LightActiveDistance,SedentaryActiveDistance,VeryActiveMinutes,FairlyActiveMinutes,LightlyActiveMinutes,SedentaryMinutes,Calories
1503960366,12-04-2016,13162,8.50,8.50,0.00,1.88,0.55,6.06,0.00,25,13,328,728,1985
1503960366,13-04-2016,10735,6.97,6.97,0.00,1.57,0.69,4.71,0.00,21,19,217,776,1797
1503960366,14-04-2016,10460,6.74,6.74,0.00,2.44,0.40,3.91,0.00,30,11,181,1218,1776
1503960366,15-04-2016,9762,6.28,6.28,0.00,2.14,1.26,2.83,0.00,29,34,209,726,1745
1503960366,16-04-2016,12669,8.16,8.16,0.00,2.71,0.41,5.04,0.00,36,10,221,773,1863
1503960366,17-04-2016,9705,6.48,6.48,0.00,3.19,0.78,2.51,0.00,38,20,164,539,1728
1503960366,18-04-2016,13019,8.59,8.59,0.00,3.25,0.64,4.71,0.00,42,16,233,1149,1921
1503960366,19-04-2016,15506,9.88,9.88,0.00,3.53,1.32,5.03,0.00,50,31,264,775,2035
1503960366,20-04-2016,10544,6.68,6.68,0.00,1.96,0.48,4.24,0.00,28,12,205,818,1786
1503960366,21-04-2016,9819,6.34,6.34,0.00,1.34,0.35,4.65,0.00,19,8,211,838,1775
1503960366,22-04-2016,12764,8.13,8.13,0.00,4.76,1.12,2.24,0.00,66,27,130,1217,1827
1503960366,23-04-2016,14371,9.04,9.04,0.00,2.81,0.87,5.36,0.00,41,21,262,732,1949
1503960366,24-04-2016,10039,6.41,6.41,0.00,2.92,0.21,3.28,0.00,39,5,238,709,1788
1503960366,25-04-2016,15355,9.80,9.80,0.00,5.29,0.57,3.94,0.00,73,14,216,814,2013
1503960366,26-04-2016,13755,8.79,8.79,0.00,2.33,0.92,5.54,0.00,31,23,279,833,1970
1503960366,27-04-2016,18134,12.21,12.21,0.00,6.40,0.41,5.41,0.00,78,11,243,1108,2159
1503960366,28-04-2016,13154,8.53,8.53,0.00,3.54,1.16,3.79,0.00,48,28,189,782,1898
1503960366,29-04-2016,11181,7.15,7.15,0.00,1.06,0.50,5.58,0.00,16,12,243,815,1837
1503960366,30-04-2016,14673,9.25,9.25,0.00,3.56,1.42,4.27,0.00,52,34,217,712,1947
1503960366,01-05-2016,10602,6.81,6.81,0.00,2.29,1.60,2.92,0.00,33,35,246,730,1820
1503960366,02-05-2016,14727,9.71,9.71,0.00,3.21,0.57,5.92,0.00,41,15,277,798,2004
1503960366,03-05-2016,15103,9.66,9.66,0.00,3.73,1.05,4.88,0.00,50,24,254,816,1990
1503960366,04-05-2016,11100,7.15,7.15,0.00,2.46,0.87,3.82,0.00,36,22,203,1179,1819
1503960366,05-05-2016,14070,8.90,8.90,0.00,2.92,1.08,4.88,0.00,45,24,250,857,1959
1503960366,06-05-2016,12159,8.03,8.03,0.00,1.97,0.25,5.81,0.00,24,6,289,754,1896
1503960366,07-05-2016,11992,7.71,7.71,0.00,2.46,2.12,3.13,0.00,37,46,175,833,1821
1503960366,08-05-2016,10060,6.58,6.58,0.00,3.53,0.32,2.73,0.00,44,8,203,574,1740
1503960366,09-05-2016,12022,7.72,7.72,0.00,3.45,0.53,3.74,0.00,46,11,206,835,1819
1503960366,10-05-2016,12207,7.77,7.77,0.00,3.35,1.16,3.26,0.00,46,31,214,746,1859
1503960366,11-05-2016,12770,8.13,8.13,0.00,2.56,1.01,4.55,0.00,36,23,251,669,1783
1503960366,12-05-2016,0,0.00,0.00,0.00,0.00,0.00,0.00,0.00,0,0,0,1440,0
1624580081,12-04-2016,8163,5.31,5.31,0.00,0.00,0.00,5.31,0.00,0,0,146,1294,1432
1624580081,13-04-2016,7007,4.55,4.55,0.00,0.00,0.00,4.55,0.00,0,0,148,1292,1411
1624580081,14-04-2016,9107,5.92,5.92,0.00,0.00,0.00,5.91,0.01,0,0,236,1204,1572
1624580081,15-04-2016,1510,0.98,0.98,0.00,0.00,0.00,0.97,0.00,0,0,96,1344,1344
1624580081,16-04-2016,5370,3.49,3.49,0.00,0.00,0.00,3.49,0.00,0,0,176,1264,1463
1624580081,17-04-2016,6175,4.06,4.06,0.00,1.03,1.52,1.49,0.01,15,22,127,1276,1554
1624580081,18-04-2016,10536,7.41,7.41,0.00,2.15,0.62,4.62,0.01,17,7,202,1214,1604
1624580081,19-04-2016,2916,1.90,1.90,0.00,0.00,0.00,1.90,0.00,0,0,141,1299,1435
1624580081,20-04-2016,4974,3.23,3.23,0.00,0.00,0.00,3.23,0.00,0,0,151,1289,1446
1624580081,21-04-2016,6349,4.13,4.13,0.00,0.00,0.00,4.11,0.02,0,0,186,1254,1467
1624580081,22-04-2016,4026,2.62,2.62,0.00,0.00,0.00,2.60,0.00,0,0,199,1241,1470
1624580081,23-04-2016,8538,5.55,5.55,0.00,0.00,0.00,5.54,0.01,0,0,227,1213,1562
1624580081,24-04-2016,6076,3.95,3.95,0.00,1.15,0.91,1.89,0.00,16,18,185,1221,1617
1624580081,25-04-2016,6497,4.22,4.22,0.00,0.00,0.00,4.20,0.02,0,0,202,1238,1492
1624580081,26-04-2016,2826,1.84,1.84,0.00,0.00,0.00,1.83,0.01,0,0,140,1300,1402
1624580081,27-04-2016,8367,5.44,5.44,0.00,1.11,1.87,2.46,0.00,17,36,154,1233,1670
1624580081,28-04-2016,2759,1.79,1.79,0.00,0.00,0.20,1.60,0.00,0,5,115,1320,1401
1624580081,29-04-2016,2390,1.55,1.55,0.00,0.00,0.00,1.55,0.00,0,0,150,1290,1404
1624580081,30-04-2016,6474,4.30,4.30,0.00,0.90,1.28,2.12,0.01,11,23,224,1182,1655
1624580081,01-05-2016,36019,28.03,28.03,0.00,21.92,4.19,1.91,0.02,186,63,171,1020,2690
1624580081,02-05-2016,7155,4.93,4.93,0.00,0.86,0.59,3.47,0.00,7,6,166,1261,1497
1624580081,03-05-2016,2100,1.37,1.37,0.00,0.00,0.00,1.34,0.02,0,0,96,1344,1334
1624580081,04-05-2016,2193,1.43,1.43,0.00,0.00,0.00,1.42,0.00,0,0,118,1322,1368
1624580081,05-05-2016,2470,1.61,1.61,0.00,0.00,0.00,1.58,0.02,0,0,117,1323,1370
1624580081,06-05-2016,1727,1.12,1.12,0.00,0.00,0.00,1.12,0.01,0,0,102,1338,1341
1624580081,07-05-2016,2104,1.37,1.37,0.00,0.00,0.00,1.37,0.00,0,0,182,1258,1474
1624580081,08-05-2016,3427,2.23,2.23,0.00,0.00,0.00,2.22,0.00,0,0,152,1288,1427
1624580081,09-05-2016,1732,1.13,1.13,0.00,0.00,0.00,1.13,0.00,0,0,91,1349,1328
1624580081,10-05-2016,2969,1.93,1.93,0.00,0.00,0.00,1.92,0.01,0,0,139,1301,1393
1624580081,11-05-2016,3134,2.04,2.04,0.00,0.00,0.00,2.04,0.00,0,0,112,1328,1359
1624580081,12-05-2016,2971,1.93,1.93,0.00,0.00,0.00,1.92,0.01,0,0,107,890,1002
1644430081,12-04-2016,10694,7.77,7.77,0.00,0.14,2.30,5.33,0.00,2,51,256,1131,3199
1644430081,13-04-2016,8001,5.82,5.82,0.00,2.28,0.90,2.64,0.00,30,16,135,1259,2902
1644430081,14-04-2016,11037,8.02,8.02,0.00,0.36,2.56,5.10,0.00,5,58,252,1125,3226
1644430081,15-04-2016,5263,3.83,3.83,0.00,0.22,0.15,3.45,0.00,3,4,170,1263,2750
1644430081,16-04-2016,15300,11.12,11.12,0.00,4.10,1.88,5.09,0.00,51,42,212,1135,3493
1644430081,17-04-2016,8757,6.37,6.37,0.00,2.25,0.57,3.55,0.00,29,13,186,1212,3011
1644430081,18-04-2016,7132,5.19,5.19,0.00,1.07,1.67,2.45,0.00,15,33,121,1271,2806
1644430081,19-04-2016,11256,8.18,8.18,0.00,0.36,2.53,5.30,0.00,5,58,278,1099,3300
1644430081,20-04-2016,2436,1.77,1.77,0.00,0.00,0.00,1.76,0.01,0,0,125,1315,2430
1644430081,21-04-2016,1223,0.89,0.89,0.00,0.00,0.00,0.88,0.01,0,0,38,1402,2140
1644430081,22-04-2016,3673,2.67,2.67,0.00,0.00,0.00,2.66,0.01,0,0,86,1354,2344
1644430081,23-04-2016,6637,4.83,4.83,0.00,0.00,0.58,4.25,0.00,0,15,160,1265,2677
1644430081,24-04-2016,3321,2.41,2.41,0.00,0.00,0.00,2.41,0.00,0,0,89,1351,2413
1644430081,25-04-2016,3580,2.60,2.60,0.00,0.59,0.06,1.95,0.00,8,1,94,1337,2497
1644430081,26-04-2016,9919,7.21,7.21,0.00,0.80,1.72,4.69,0.00,11,41,223,1165,3123
1644430081,27-04-2016,3032,2.20,2.20,0.00,0.00,0.00,2.20,0.00,0,0,118,1322,2489
1644430081,28-04-2016,9405,6.84,6.84,0.00,0.20,2.32,4.31,0.00,3,53,227,1157,3108
1644430081,29-04-2016,3176,2.31,2.31,0.00,0.00,0.00,2.31,0.00,0,0,120,1193,2498
1644430081,30-04-2016,18213,13.24,13.24,0.00,0.63,3.14,9.46,0.00,9,71,402,816,3846
1644430081,01-05-2016,6132,4.46,4.46,0.00,0.24,0.99,3.23,0.00,3,24,146,908,2696
1644430081,02-05-2016,3758,2.73,2.73,0.00,0.07,0.31,2.35,0.00,1,7,148,682,2580
1644430081,03-05-2016,12850,9.34,9.34,0.00,0.72,4.09,4.54,0.00,10,94,221,1115,3324
1644430081,04-05-2016,2309,1.68,1.68,0.00,0.00,0.00,1.66,0.02,0,0,52,1388,2222
1644430081,05-05-2016,4363,3.19,3.19,0.00,0.52,0.54,2.13,0.01,6,12,81,1341,2463
1644430081,06-05-2016,9787,7.12,7.12,0.00,0.82,0.27,6.01,0.02,11,6,369,1054,3328
1644430081,07-05-2016,13372,9.72,9.72,0.00,3.26,0.79,5.67,0.01,41,17,243,1139,3404
1644430081,08-05-2016,6724,4.89,4.89,0.00,0.00,0.00,4.88,0.00,0,0,295,991,2987
1644430081,09-05-2016,6643,4.83,4.83,0.00,2.39,0.35,2.09,0.01,32,6,303,1099,3008
1644430081,10-05-2016,9167,6.66,6.66,0.00,0.88,0.81,4.97,0.01,12,19,155,1254,2799
1644430081,11-05-2016,1329,0.97,0.97,0.00,0.00,0.00,0.95,0.01,0,0,49,713,1276
1844505072,12-04-2016,6697,4.43,4.43,0.00,0.00,0.00,4.43,0.00,0,0,339,1101,2030
1844505072,13-04-2016,4929,3.26,3.26,0.00,0.00,0.00,3.26,0.00,0,0,248,1192,1860
1844505072,14-04-2016,7937,5.25,5.25,0.00,0.00,0.00,5.23,0.00,0,0,373,843,2130
1844505072,15-04-2016,3844,2.54,2.54,0.00,0.00,0.00,2.54,0.00,0,0,176,527,1725
1844505072,16-04-2016,3414,2.26,2.26,0.00,0.00,0.00,2.26,0.00,0,0,147,1293,1657
1844505072,17-04-2016,4525,2.99,2.99,0.00,0.14,0.26,2.59,0.00,2,8,199,1231,1793
1844505072,18-04-2016,4597,3.04,3.04,0.00,0.00,0.48,2.56,0.00,0,12,217,1211,1814
1844505072,19-04-2016,197,0.13,0.13,0.00,0.00,0.00,0.13,0.00,0,0,10,1430,1366
1844505072,20-04-2016,8,0.01,0.01,0.00,0.00,0.00,0.01,0.00,0,0,1,1439,1349
1844505072,21-04-2016,8054,5.32,5.32,0.00,0.12,0.52,4.68,0.00,2,13,308,1117,2062
1844505072,22-04-2016,5372,3.55,3.55,0.00,0.00,0.00,3.55,0.00,0,0,220,1220,1827
1844505072,23-04-2016,3570,2.36,2.36,0.00,0.00,0.00,2.36,0.00,0,0,139,1301,1645
1844505072,24-04-2016,0,0.00,0.00,0.00,0.00,0.00,0.00,0.00,0,0,0,1440,1347
1844505072,25-04-2016,0,0.00,0.00,0.00,0.00,0.00,0.00,0.00,0,0,0,1440,1347
1844505072,26-04-2016,0,0.00,0.00,0.00,0.00,0.00,0.00,0.00,0,0,0,1440,1347
1844505072,27-04-2016,4,0.00,0.00,0.00,0.00,0.00,0.00,0.00,0,0,1,1439,1348
1844505072,28-04-2016,6907,4.57,4.57,0.00,0.00,0.00,4.56,0.00,0,0,302,1138,1992
1844505072,29-04-2016,4920,3.25,3.25,0.00,0.00,0.00,3.25,0.00,0,0,247,1082,1856
1844505072,30-04-2016,4014,2.67,2.67,0.00,0.00,0.00,2.65,0.00,0,0,184,218,1763
1844505072,01-05-2016,2573,1.70,1.70,0.00,0.00,0.26,1.45,0.00,0,7,75,585,1541
1844505072,02-05-2016,0,0.00,0.00,0.00,0.00,0.00,0.00,0.00,0,0,0,1440,1348
1844505072,03-05-2016,4059,2.68,2.68,0.00,0.00,0.00,2.68,0.00,0,0,184,1256,1742
1844505072,04-05-2016,2080,1.37,1.37,0.00,0.00,0.00,1.37,0.00,0,0,87,1353,1549
1844505072,05-05-2016,2237,1.48,1.48,0.00,0.00,0.00,1.48,0.00,0,0,120,1320,1589
1844505072,06-05-2016,44,0.03,0.03,0.00,0.00,0.00,0.03,0.00,0,0,2,1438,1351
1844505072,07-05-2016,0,0.00,0.00,0.00,0.00,0.00,0.00,0.00,0,0,0,1440,1347
1844505072,08-05-2016,0,0.00,0.00,0.00,0.00,0.00,0.00,0.00,0,0,0,1440,1347
1844505072,09-05-2016,0,0.00,0.00,0.00,0.00,0.00,0.00,0.00,0,0,0,1440,1347
1844505072,10-05-2016,0,0.00,0.00,0.00,0.00,0.00,0.00,0.00,0,0,0,1440,1347
1844505072,11-05-2016,0,0.00,0.00,0.00,0.00,0.00,0.00,0.00,0,0,0,1440,1347
1844505072,12-05-2016,0,0.00,0.00,0.00,0.00,0.00,0.00,0.00,0,0,0,711,665
1927972279,12-04-2016,678,0.47,0.47,0.00,0.00,0.00,0.47,0.00,0,0,55,734,2220
1927972279,13-04-2016,356,0.25,0.25,0.00,0.00,0.00,0.25,0.00,0,0,32,986,2151
1927972279,14-04-2016,2163,1.50,1.50,0.00,0.00,0.40,1.10,0.00,0,9,88,1292,2383
1927972279,15-04-2016,980,0.68,0.68,0.00,0.00,0.00,0.68,0.00,0,0,51,941,2221
1927972279,16-04-2016,0,0.00,0.00,0.00,0.00,0.00,0.00,0.00,0,0,0,1440,2064
1927972279,17-04-2016,0,0.00,0.00,0.00,0.00,0.00,0.00,0.00,0,0,0,1440,2063
1927972279,18-04-2016,244,0.17,0.17,0.00,0.00,0.00,0.17,0.00,0,0,17,1423,2111
1927972279,19-04-2016,0,0.00,0.00,0.00,0.00,0.00,0.00,0.00,0,0,0,1440,2063
1927972279,20-04-2016,0,0.00,0.00,0.00,0.00,0.00,0.00,0.00,0,0,0,1440,2063
1927972279,21-04-2016,0,0.00,0.00,0.00,0.00,0.00,0.00,0.00,0,0,0,1440,2064
1927972279,22-04-2016,149,0.10,0.10,0.00,0.00,0.00,0.10,0.00,0,0,10,1430,2093
1927972279,23-04-2016,2945,2.04,2.04,0.00,0.00,0.00,2.04,0.00,0,0,145,1295,2499
1927972279,24-04-2016,2090,1.45,1.45,0.00,0.07,0.24,1.14,0.00,1,6,75,1358,2324
1927972279,25-04-2016,152,0.11,0.11,0.00,0.00,0.00,0.11,0.00,0,0,12,1303,2100
1927972279,26-04-2016,3761,2.60,2.60,0.00,0.00,0.00,2.60,0.00,0,0,192,1058,2638
1927972279,27-04-2016,0,0.00,0.00,0.00,0.00,0.00,0.00,0.00,0,0,0,1440,2063
1927972279,28-04-2016,1675,1.16,1.16,0.00,0.00,0.00,1.16,0.00,0,0,95,1167,2351
1927972279,29-04-2016,0,0.00,0.00,0.00,0.00,0.00,0.00,0.00,0,0,0,1440,2063
1927972279,30-04-2016,0,0.00,0.00,0.00,0.00,0.00,0.00,0.00,0,0,0,1440,2064
1927972279,01-05-2016,2704,1.87,1.87,0.00,1.01,0.03,0.83,0.00,14,1,70,1355,2411
1927972279,02-05-2016,3790,2.62,2.62,0.00,1.16,0.30,1.16,0.00,16,8,94,1322,2505
1927972279,03-05-2016,1326,0.92,0.92,0.00,0.73,0.00,0.18,0.00,10,0,17,1413,2195
1927972279,04-05-2016,1786,1.24,1.24,0.00,0.00,0.00,1.24,0.00,0,0,87,1353,2338
1927972279,05-05-2016,0,0.00,0.00,0.00,0.00,0.00,0.00,0.00,0,0,0,1440,2063
1927972279,06-05-2016,2091,1.45,1.45,0.00,0.00,0.00,1.45,0.00,0,0,108,1332,2383
1927972279,07-05-2016,1510,1.04,1.04,0.00,0.00,0.00,1.04,0.00,0,0,48,1392,2229
1927972279,08-05-2016,0,0.00,0.00,0.00,0.00,0.00,0.00,0.00,0,0,0,1440,2063
1927972279,09-05-2016,0,0.00,0.00,0.00,0.00,0.00,0.00,0.00,0,0,0,1440,2063
1927972279,10-05-2016,0,0.00,0.00,0.00,0.00,0.00,0.00,0.00,0,0,0,1440,2063
1927972279,11-05-2016,0,0.00,0.00,0.00,0.00,0.00,0.00,0.00,0,0,0,1440,2063
1927972279,12-05-2016,0,0.00,0.00,0.00,0.00,0.00,0.00,0.00,0,0,0,966,1383
2022484408,12-04-2016,11875,8.34,8.34,0.00,3.31,0.77,4.26,0.00,42,14,227,1157,2390
2022484408,13-04-2016,12024,8.50,8.50,0.00,2.99,0.10,5.41,0.00,43,5,292,1100,2601
2022484408,14-04-2016,10690,7.50,7.50,0.00,2.48,0.21,4.82,0.00,32,3,257,1148,2312
2022484408,15-04-2016,11034,8.03,8.03,0.00,1.94,0.31,5.78,0.00,27,9,282,1122,2525
2022484408,16-04-2016,10100,7.09,7.09,0.00,3.15,0.55,3.39,0.00,41,11,151,1237,2177
2022484408,17-04-2016,15112,11.40,11.40,0.00,3.87,0.66,6.88,0.00,28,29,331,1052,2782
2022484408,18-04-2016,14131,10.07,10.07,0.00,3.64,0.12,6.30,0.00,48,3,311,1078,2770
2022484408,19-04-2016,11548,8.53,8.53,0.00,3.29,0.24,5.00,0.00,31,7,250,1152,2489
2022484408,20-04-2016,15112,10.67,10.67,0.00,3.34,1.93,5.40,0.00,48,63,276,1053,2897
2022484408,21-04-2016,12453,8.74,8.74,0.00,3.33,1.11,4.31,0.00,104,53,255,1028,3158
2022484408,22-04-2016,12954,9.33,9.33,0.00,4.43,0.42,4.47,0.00,52,10,273,1105,2638
2022484408,23-04-2016,6001,4.21,4.21,0.00,0.00,0.00,4.21,0.00,0,0,249,1191,2069
2022484408,24-04-2016,13481,10.28,10.28,0.00,4.55,1.15,4.58,0.00,37,26,216,1161,2529
2022484408,25-04-2016,11369,8.01,8.01,0.00,3.33,0.22,4.46,0.00,44,8,217,1171,2470
2022484408,26-04-2016,10119,7.19,7.19,0.00,1.43,0.66,5.11,0.00,55,24,275,1086,2793
2022484408,27-04-2016,10159,7.13,7.13,0.00,1.04,0.97,5.12,0.00,19,20,282,1119,2463
2022484408,28-04-2016,10140,7.12,7.12,0.00,0.41,1.33,5.39,0.00,6,20,291,1123,2296
2022484408,29-04-2016,10245,7.19,7.19,0.00,0.48,1.21,5.50,0.00,21,40,281,1098,2611
2022484408,30-04-2016,18387,12.91,12.91,0.00,0.94,1.40,10.57,0.00,13,23,361,1043,2732
2022484408,01-05-2016,10538,7.40,7.40,0.00,1.94,0.96,4.50,0.00,25,28,245,1142,2380
2022484408,02-05-2016,10379,7.29,7.29,0.00,2.61,0.34,4.33,0.00,36,8,277,1119,2473
2022484408,03-05-2016,12183,8.74,8.74,0.00,3.99,0.46,4.28,0.00,72,14,250,1104,2752
2022484408,04-05-2016,11768,8.29,8.29,0.00,2.51,0.93,4.85,0.00,36,27,272,1105,2649
2022484408,05-05-2016,11895,8.35,8.35,0.00,2.79,0.86,4.70,0.00,55,20,253,1112,2609
2022484408,06-05-2016,10227,7.18,7.18,0.00,1.87,0.67,4.64,0.00,24,17,295,1104,2498
2022484408,07-05-2016,6708,4.71,4.71,0.00,1.61,0.08,3.02,0.00,20,2,149,1269,1995
2022484408,08-05-2016,3292,2.31,2.31,0.00,0.00,0.00,2.31,0.00,0,0,135,1305,1848
2022484408,09-05-2016,13379,9.39,9.39,0.00,2.12,1.63,5.64,0.00,35,47,297,1061,2709
2022484408,10-05-2016,12798,8.98,8.98,0.00,2.22,1.21,5.56,0.00,57,28,271,1084,2797
2022484408,11-05-2016,13272,9.32,9.32,0.00,4.18,1.15,3.99,0.00,58,25,224,1133,2544
2022484408,12-05-2016,9117,6.41,6.41,0.00,1.28,0.67,4.44,0.00,16,16,236,728,1853
2026352035,12-04-2016,4414,2.74,2.74,0.00,0.19,0.35,2.20,0.00,3,8,181,706,1459
2026352035,13-04-2016,4993,3.10,3.10,0.00,0.00,0.00,3.10,0.00,0,0,238,663,1521
2026352035,14-04-2016,3335,2.07,2.07,0.00,0.00,0.00,2.05,0.00,0,0,197,653,1431
2026352035,15-04-2016,3821,2.37,2.37,0.00,0.00,0.00,2.37,0.00,0,0,188,687,1444
2026352035,16-04-2016,2547,1.58,1.58,0.00,0.00,0.00,1.58,0.00,0,0,150,728,1373
2026352035,17-04-2016,838,0.52,0.52,0.00,0.00,0.00,0.52,0.00,0,0,60,1053,1214
2026352035,18-04-2016,3325,2.06,2.06,0.00,0.00,0.00,2.06,0.00,0,0,182,1062,1419
2026352035,19-04-2016,2424,1.50,1.50,0.00,0.00,0.00,1.50,0.00,0,0,141,785,1356
2026352035,20-04-2016,7222,4.48,4.48,0.00,0.00,0.00,4.48,0.00,0,0,327,623,1667
2026352035,21-04-2016,2467,1.53,1.53,0.00,0.00,0.00,1.53,0.00,0,0,153,749,1370
2026352035,22-04-2016,2915,1.81,1.81,0.00,0.00,0.00,1.81,0.00,0,0,162,712,1399
2026352035,23-04-2016,12357,7.71,7.71,0.00,0.00,0.00,7.71,0.00,0,0,432,458,1916
2026352035,24-04-2016,3490,2.16,2.16,0.00,0.00,0.00,2.16,0.00,0,0,164,704,1401
2026352035,25-04-2016,6017,3.73,3.73,0.00,0.00,0.00,3.73,0.00,0,0,260,821,1576
2026352035,26-04-2016,5933,3.68,3.68,0.00,0.00,0.00,3.68,0.00,0,0,288,1018,1595
2026352035,27-04-2016,6088,3.77,3.77,0.00,0.00,0.00,3.77,0.00,0,0,286,586,1593
2026352035,28-04-2016,6375,3.95,3.95,0.00,0.00,0.00,3.95,0.00,0,0,331,626,1649
2026352035,29-04-2016,7604,4.71,4.71,0.00,0.00,0.00,4.71,0.00,0,0,352,492,1692
2026352035,30-04-2016,4729,2.93,2.93,0.00,0.00,0.00,2.93,0.00,0,0,233,594,1506
2026352035,01-05-2016,3609,2.28,2.28,0.00,0.00,0.00,2.28,0.00,0,0,191,716,1447
2026352035,02-05-2016,7018,4.35,4.35,0.00,0.00,0.00,4.35,0.00,0,0,355,716,1690
2026352035,03-05-2016,5992,3.72,3.72,0.00,0.00,0.00,3.72,0.00,0,0,304,981,1604
2026352035,04-05-2016,6564,4.07,4.07,0.00,0.00,0.00,4.07,0.00,0,0,345,530,1658
2026352035,05-05-2016,12167,7.54,7.54,0.00,0.00,0.00,7.54,0.00,0,0,475,479,1926
2026352035,06-05-2016,8198,5.08,5.08,0.00,0.00,0.00,5.08,0.00,0,0,383,511,1736
2026352035,07-05-2016,4193,2.60,2.60,0.00,0.00,0.00,2.60,0.00,0,0,229,665,1491
2026352035,08-05-2016,5528,3.45,3.45,0.00,0.00,0.00,3.45,0.00,0,0,258,610,1555
2026352035,09-05-2016,10685,6.62,6.62,0.00,0.00,0.00,6.60,0.00,0,0,401,543,1869
2026352035,10-05-2016,254,0.16,0.16,0.00,0.00,0.00,0.16,0.00,0,0,17,1002,1141
2026352035,11-05-2016,8580,5.32,5.32,0.00,0.00,0.00,5.32,0.00,0,0,330,569,1698
2026352035,12-05-2016,8891,5.51,5.51,0.00,0.00,0.00,5.51,0.00,0,0,343,330,1364
2320127002,12-04-2016,10725,7.49,7.49,0.00,1.17,0.31,6.01,0.00,13,9,306,1112,2124
2320127002,13-04-2016,7275,4.90,4.90,0.00,0.00,0.00,4.90,0.00,0,0,335,1105,2003
2320127002,14-04-2016,3973,2.68,2.68,0.00,0.00,0.00,2.68,0.00,0,0,191,1249,1696
2320127002,15-04-2016,5205,3.51,3.51,0.00,0.00,0.00,3.51,0.00,0,0,245,1195,1801
2320127002,16-04-2016,5057,3.41,3.41,0.00,0.00,0.00,3.40,0.00,0,0,195,1245,1724
2320127002,17-04-2016,6198,4.18,4.18,0.00,0.00,0.00,4.18,0.00,0,0,249,1191,1852
2320127002,18-04-2016,6559,4.42,4.42,0.00,0.00,0.26,4.14,0.00,0,7,260,1173,1905
2320127002,19-04-2016,5997,4.04,4.04,0.00,0.00,0.38,3.66,0.00,0,11,228,1201,1811
2320127002,20-04-2016,7192,4.85,4.85,0.00,0.00,0.49,4.34,0.00,0,11,283,1146,1922
2320127002,21-04-2016,3404,2.29,2.29,0.00,0.06,0.42,1.81,0.00,1,10,127,1302,1610
2320127002,22-04-2016,5583,3.76,3.76,0.00,0.00,0.00,3.76,0.00,0,0,266,1174,1851
2320127002,23-04-2016,5079,3.42,3.42,0.00,0.00,0.00,3.42,0.00,0,0,242,1129,1804
2320127002,24-04-2016,4165,2.81,2.81,0.00,0.00,0.00,2.80,0.00,0,0,204,1236,1725
2320127002,25-04-2016,3588,2.42,2.42,0.00,0.23,0.20,1.99,0.00,3,5,152,1280,1654
2320127002,26-04-2016,3409,2.30,2.30,0.00,0.00,0.00,2.30,0.00,0,0,147,1293,1632
2320127002,27-04-2016,1715,1.16,1.16,0.00,0.00,0.00,1.16,0.00,0,0,82,1358,1481
2320127002,28-04-2016,1532,1.03,1.03,0.00,0.00,0.00,1.03,0.00,0,0,76,1364,1473
2320127002,29-04-2016,924,0.62,0.62,0.00,0.00,0.00,0.62,0.00,0,0,45,1395,1410
2320127002,30-04-2016,4571,3.08,3.08,0.00,0.00,0.00,3.07,0.00,0,0,234,1206,1779
2320127002,01-05-2016,772,0.52,0.52,0.00,0.00,0.00,0.52,0.00,0,0,40,1400,1403
2320127002,02-05-2016,3634,2.45,2.45,0.00,0.36,0.21,1.88,0.00,5,6,123,1306,1613
2320127002,03-05-2016,7443,5.02,5.02,0.00,1.49,0.37,3.16,0.00,20,10,206,1204,1878
2320127002,04-05-2016,1201,0.81,0.81,0.00,0.00,0.00,0.81,0.00,0,0,52,1388,1426
2320127002,05-05-2016,5202,3.51,3.51,0.00,0.00,0.39,3.11,0.00,0,11,223,1206,1780
2320127002,06-05-2016,4878,3.29,3.29,0.00,0.00,0.00,3.29,0.00,0,0,204,1236,1742
2320127002,07-05-2016,7379,4.97,4.97,0.00,0.00,0.00,4.97,0.00,0,0,319,1121,1972
2320127002,08-05-2016,5161,3.48,3.48,0.00,0.00,0.00,3.47,0.00,0,0,247,1193,1821
2320127002,09-05-2016,3090,2.08,2.08,0.00,0.00,0.00,2.08,0.00,0,0,145,1295,1630
2320127002,10-05-2016,6227,4.20,4.20,0.00,0.00,0.00,4.20,0.00,0,0,290,1150,1899
2320127002,11-05-2016,6424,4.33,4.33,0.00,0.00,0.00,4.33,0.00,0,0,300,1140,1903
2320127002,12-05-2016,2661,1.79,1.79,0.00,0.00,0.00,1.79,0.00,0,0,128,830,1125
2347167796,12-04-2016,10113,6.83,6.83,0.00,2.00,0.62,4.20,0.00,28,13,320,964,2344
2347167796,13-04-2016,10352,7.01,7.01,0.00,1.66,1.94,3.41,0.00,19,32,195,676,2038
2347167796,14-04-2016,10129,6.70,6.70,0.00,0.02,2.74,3.94,0.00,1,48,206,705,2010
2347167796,15-04-2016,10465,6.92,6.92,0.00,0.07,1.42,5.43,0.00,1,24,284,720,2133
2347167796,16-04-2016,22244,15.08,15.08,0.00,5.45,4.10,5.53,0.00,66,72,268,968,2670
2347167796,17-04-2016,5472,3.62,3.62,0.00,0.08,0.28,3.26,0.00,1,7,249,508,1882
2347167796,18-04-2016,8247,5.45,5.45,0.00,0.79,0.86,3.79,0.00,11,16,206,678,1944
2347167796,19-04-2016,6711,4.44,4.44,0.00,0.00,0.00,4.44,0.00,0,7,382,648,2346
2347167796,20-04-2016,10999,7.27,7.27,0.00,0.68,1.81,4.78,0.00,11,43,269,1011,2198
2347167796,21-04-2016,10080,6.75,6.75,0.00,1.85,1.53,3.38,0.00,23,26,208,761,2048
2347167796,22-04-2016,7804,5.16,5.16,0.00,0.56,1.68,2.92,0.00,9,27,206,781,1946
2347167796,23-04-2016,16901,11.37,11.37,0.00,2.78,1.45,7.15,0.00,32,35,360,591,2629
2347167796,24-04-2016,9471,6.26,6.26,0.00,0.00,0.00,6.26,0.00,0,0,360,584,2187
2347167796,25-04-2016,9482,6.38,6.38,0.00,1.27,0.52,4.60,0.00,15,11,277,653,2095
2347167796,26-04-2016,5980,3.95,3.95,0.00,0.00,0.00,3.95,0.00,0,0,227,732,1861
2347167796,27-04-2016,11423,7.58,7.58,0.00,1.86,0.40,5.32,0.00,26,9,295,623,2194
2347167796,28-04-2016,5439,3.60,3.60,0.00,0.00,0.00,3.60,0.00,0,0,229,764,1854
2347167796,29-04-2016,42,0.03,0.03,0.00,0.00,0.00,0.03,0.00,0,0,4,2,403
2873212765,12-04-2016,8796,5.91,5.91,0.00,0.11,0.93,4.88,0.00,2,21,356,1061,1982
2873212765,13-04-2016,7618,5.12,5.12,0.00,0.00,0.22,4.88,0.02,0,8,404,1028,2004
2873212765,14-04-2016,7910,5.32,5.32,0.00,0.00,0.00,5.32,0.00,0,0,331,1109,1893
2873212765,15-04-2016,8482,5.70,5.70,0.00,0.00,0.00,5.69,0.01,0,0,448,992,2063
2873212765,16-04-2016,9685,6.65,6.65,0.00,3.11,0.02,3.51,0.01,47,1,305,1087,2148
2873212765,17-04-2016,2524,1.70,1.70,0.00,0.00,0.35,1.34,0.00,0,8,160,1272,1529
2873212765,18-04-2016,7762,5.24,5.24,0.00,0.07,0.28,4.89,0.00,1,6,311,1122,1890
2873212765,19-04-2016,7948,5.37,5.37,0.00,0.00,0.00,5.36,0.00,0,0,389,1051,1956
2873212765,20-04-2016,9202,6.30,6.30,0.00,1.51,0.12,4.66,0.01,22,5,378,1035,2094
2873212765,21-04-2016,8859,5.98,5.98,0.00,0.13,0.37,5.47,0.01,2,10,371,1057,1970
2873212765,22-04-2016,7286,4.90,4.90,0.00,0.46,0.00,4.42,0.02,46,0,366,1028,2241
2873212765,23-04-2016,9317,6.35,6.35,0.00,2.09,0.23,4.02,0.01,28,5,330,1077,2021
2873212765,24-04-2016,6873,4.68,4.68,0.00,3.00,0.06,1.62,0.00,46,1,190,1203,1898
2873212765,25-04-2016,7373,4.95,4.95,0.00,0.00,0.00,4.95,0.00,0,0,359,1081,1907
2873212765,26-04-2016,8242,5.54,5.54,0.00,0.12,0.18,5.24,0.00,2,5,309,1124,1882
2873212765,27-04-2016,3516,2.36,2.36,0.00,0.00,0.00,2.36,0.00,46,0,197,1197,1966
2873212765,28-04-2016,7913,5.41,5.41,0.00,2.16,0.34,2.91,0.00,28,7,213,1192,1835
2873212765,29-04-2016,7365,4.95,4.95,0.00,1.36,1.41,2.18,0.00,20,23,206,1191,1780
2873212765,30-04-2016,8452,5.68,5.68,0.00,0.33,1.08,4.26,0.01,5,20,248,1167,1830
2873212765,01-05-2016,7399,4.97,4.97,0.00,0.49,1.04,3.44,0.00,7,18,196,1219,1739
2873212765,02-05-2016,7525,5.06,5.06,0.00,0.00,0.21,4.83,0.02,0,7,334,1099,1878
2873212765,03-05-2016,7412,4.98,4.98,0.00,0.06,0.25,4.66,0.01,1,6,363,1070,1906
2873212765,04-05-2016,8278,5.56,5.56,0.00,0.00,0.00,5.56,0.00,0,0,420,1020,2015
2873212765,05-05-2016,8314,5.61,5.61,0.00,0.78,0.80,4.03,0.00,13,23,311,1093,1971
2873212765,06-05-2016,7063,4.75,4.75,0.00,0.00,0.12,4.61,0.01,0,5,370,1065,1910
2873212765,07-05-2016,4940,3.38,3.38,0.00,2.28,0.55,0.55,0.00,75,11,52,1302,1897
2873212765,08-05-2016,8168,5.54,5.54,0.00,2.90,0.00,2.64,0.00,46,0,326,1068,2096
2873212765,09-05-2016,7726,5.19,5.19,0.00,0.00,0.00,5.19,0.00,0,0,345,1095,1906
2873212765,10-05-2016,8275,5.56,5.56,0.00,0.00,0.00,5.55,0.01,0,0,373,1067,1962
2873212765,11-05-2016,6440,4.33,4.33,0.00,0.00,0.00,4.32,0.01,0,0,319,1121,1826
2873212765,12-05-2016,7566,5.11,5.11,0.00,0.00,0.00,5.11,0.00,0,0,268,720,1431
3372868164,12-04-2016,4747,3.24,3.24,0.00,0.00,0.00,3.23,0.01,0,0,280,1160,1788
3372868164,13-04-2016,9715,6.63,6.63,0.00,0.99,0.34,5.27,0.02,16,8,371,1045,2093
3372868164,14-04-2016,8844,6.03,6.03,0.00,0.34,1.03,4.65,0.01,6,25,370,1039,2065
3372868164,15-04-2016,7451,5.08,5.08,0.00,0.00,0.00,5.06,0.02,0,0,335,1105,1908
3372868164,16-04-2016,6905,4.73,4.73,0.00,0.00,0.00,4.70,0.03,0,0,356,1084,1908
3372868164,17-04-2016,8199,5.88,5.88,0.00,1.41,0.10,4.36,0.01,11,2,322,1105,1964
3372868164,18-04-2016,6798,4.64,4.64,0.00,1.08,0.20,3.35,0.00,20,7,343,1070,2014
3372868164,19-04-2016,7711,5.26,5.26,0.00,0.00,0.00,5.24,0.02,0,0,376,1064,1985
3372868164,20-04-2016,4880,3.33,3.33,0.00,0.84,0.09,2.38,0.02,15,3,274,1148,1867
3372868164,21-04-2016,8857,6.07,6.07,0.00,1.15,0.26,4.64,0.01,18,9,376,1037,2124
3372868164,22-04-2016,3843,2.62,2.62,0.00,0.00,0.00,2.61,0.01,0,0,206,1234,1669
3372868164,23-04-2016,7396,5.07,5.07,0.00,1.40,0.08,3.58,0.00,20,2,303,1115,1995
3372868164,24-04-2016,6731,4.59,4.59,0.00,0.89,0.19,3.49,0.02,14,7,292,1127,1921
3372868164,25-04-2016,5995,4.09,4.09,0.00,0.00,0.00,4.09,0.00,0,0,416,1024,2010
3372868164,26-04-2016,8283,5.79,5.79,0.00,1.85,0.05,3.87,0.01,22,2,333,1083,2057
3372868164,27-04-2016,7904,5.42,5.42,0.00,1.58,0.63,3.19,0.01,24,13,346,1057,2095
3372868164,28-04-2016,5512,3.76,3.76,0.00,0.00,0.00,3.76,0.00,0,0,385,1055,1972
3372868164,29-04-2016,9135,6.23,6.23,0.00,0.00,0.00,6.22,0.01,0,0,402,1038,2044
3372868164,30-04-2016,5250,3.58,3.58,0.00,1.06,0.09,2.42,0.01,17,4,300,1119,1946
3372868164,01-05-2016,3077,2.10,2.10,0.00,0.00,0.00,2.09,0.00,0,0,172,842,1237
3977333714,12-04-2016,8856,5.98,5.98,0.00,3.06,0.91,2.01,0.00,44,19,131,777,1450
3977333714,13-04-2016,10035,6.71,6.71,0.00,2.03,2.13,2.55,0.00,31,46,153,754,1495
3977333714,14-04-2016,7641,5.11,5.11,0.00,0.32,0.97,3.82,0.00,5,23,214,801,1433
3977333714,15-04-2016,9010,6.06,6.06,0.00,1.05,1.75,3.26,0.00,15,42,183,644,1468
3977333714,16-04-2016,13459,9.00,9.00,0.00,2.03,4.00,2.97,0.00,31,83,153,663,1625
3977333714,17-04-2016,10415,6.97,6.97,0.00,0.70,2.35,3.92,0.00,11,58,205,600,1529
3977333714,18-04-2016,11663,7.80,7.80,0.00,0.25,3.73,3.82,0.00,4,95,214,605,1584
3977333714,19-04-2016,12414,8.78,8.78,0.00,2.24,2.45,3.96,0.00,19,67,221,738,1638
3977333714,20-04-2016,11658,7.83,7.83,0.00,0.20,4.35,3.28,0.00,2,98,164,845,1554
3977333714,21-04-2016,6093,4.08,4.08,0.00,0.00,0.00,4.06,0.00,0,0,242,712,1397
3977333714,22-04-2016,8911,5.96,5.96,0.00,2.33,0.58,3.06,0.00,33,12,188,731,1481
3977333714,23-04-2016,12058,8.07,8.07,0.00,0.00,4.22,3.85,0.00,0,92,252,724,1638
3977333714,24-04-2016,14112,10.00,10.00,0.00,3.27,4.56,2.17,0.00,30,95,129,660,1655
3977333714,25-04-2016,11177,8.48,8.48,0.00,5.62,0.43,2.41,0.00,50,9,133,781,1570
3977333714,26-04-2016,11388,7.62,7.62,0.00,0.45,4.22,2.95,0.00,7,95,170,797,1551
3977333714,27-04-2016,7193,5.04,5.04,0.00,0.00,0.42,4.62,0.00,0,10,176,714,1377
3977333714,28-04-2016,7114,4.88,4.88,0.00,1.37,0.29,3.22,0.00,15,8,190,804,1407
3977333714,29-04-2016,10645,7.75,7.75,0.00,3.74,1.30,2.71,0.00,36,32,150,744,1545
3977333714,30-04-2016,13238,9.20,9.20,0.00,3.69,2.10,3.41,0.00,43,52,194,687,1650
3977333714,01-05-2016,10414,7.07,7.07,0.00,2.67,1.98,2.41,0.00,41,40,124,691,1501
3977333714,02-05-2016,16520,11.05,11.05,0.00,1.54,6.48,3.02,0.00,24,143,176,713,1760
3977333714,03-05-2016,14335,9.59,9.59,0.00,3.32,1.74,4.53,0.00,47,41,258,594,1710
3977333714,04-05-2016,13559,9.44,9.44,0.00,1.81,4.58,2.89,0.00,14,96,142,852,1628
3977333714,05-05-2016,12312,8.58,8.58,0.00,1.76,4.11,2.71,0.00,14,88,178,680,1618
3977333714,06-05-2016,11677,8.28,8.28,0.00,3.11,2.51,2.67,0.00,29,55,168,676,1590
3977333714,07-05-2016,11550,7.73,7.73,0.00,0.00,4.13,3.59,0.00,0,86,208,703,1574
3977333714,08-05-2016,13585,9.09,9.09,0.00,0.68,5.24,3.17,0.00,9,116,171,688,1633
3977333714,09-05-2016,14687,10.08,10.08,0.00,0.77,5.60,3.55,0.00,8,122,151,1159,1667
3977333714,10-05-2016,13072,8.78,8.78,0.00,0.07,5.40,3.31,0.00,1,115,196,676,1630
3977333714,11-05-2016,746,0.50,0.50,0.00,0.37,0.00,0.13,0.00,4,0,9,13,52
4020332650,12-04-2016,8539,6.12,6.12,0.00,0.15,0.24,5.68,0.00,4,15,331,712,3654
4020332650,13-04-2016,0,0.00,0.00,0.00,0.00,0.00,0.00,0.00,0,0,0,1440,1981
4020332650,14-04-2016,108,0.08,0.08,0.00,0.00,0.00,0.03,0.00,0,0,3,1437,2011
4020332650,15-04-2016,1882,1.35,1.35,0.00,0.21,0.36,0.77,0.00,36,18,87,1299,2951
4020332650,16-04-2016,1982,1.42,1.42,0.00,0.45,0.37,0.59,0.00,65,21,55,1222,3051
4020332650,17-04-2016,16,0.01,0.01,0.00,0.00,0.00,0.01,0.00,0,0,2,1438,1990
4020332650,18-04-2016,62,0.04,0.04,0.00,0.00,0.00,0.04,0.00,0,0,2,1438,1995
4020332650,19-04-2016,0,0.00,0.00,0.00,0.00,0.00,0.00,0.00,0,0,0,1440,1980
4020332650,20-04-2016,0,0.00,0.00,0.00,0.00,0.00,0.00,0.00,0,0,0,1440,1980
4020332650,21-04-2016,0,0.00,0.00,0.00,0.00,0.00,0.00,0.00,0,0,0,1440,1980
4020332650,22-04-2016,0,0.00,0.00,0.00,0.00,0.00,0.00,0.00,0,0,0,1440,1980
4020332650,23-04-2016,0,0.00,0.00,0.00,0.00,0.00,0.00,0.00,0,0,0,1440,1980
4020332650,24-04-2016,0,0.00,0.00,0.00,0.00,0.00,0.00,0.00,0,0,0,1440,1980
4020332650,25-04-2016,0,0.00,0.00,0.00,0.00,0.00,0.00,0.00,0,0,0,1440,1980
4020332650,26-04-2016,0,0.00,0.00,0.00,0.00,0.00,0.00,0.00,0,0,0,1440,1980
4020332650,27-04-2016,0,0.00,0.00,0.00,0.00,0.00,0.00,0.00,0,0,0,1440,1980
4020332650,28-04-2016,0,0.00,0.00,0.00,0.00,0.00,0.00,0.00,0,0,0,1440,1980
4020332650,29-04-2016,0,0.00,0.00,0.00,0.00,0.00,0.00,0.00,0,0,0,1440,1980
4020332650,30-04-2016,0,0.00,0.00,0.00,0.00,0.00,0.00,0.00,0,0,0,1440,1980
4020332650,01-05-2016,0,0.00,0.00,0.00,0.00,0.00,0.00,0.00,0,0,0,1440,1980
4020332650,02-05-2016,475,0.34,0.34,0.00,0.00,0.04,0.29,0.00,0,11,31,1350,2207
4020332650,03-05-2016,4496,3.22,3.22,0.00,0.00,0.00,3.15,0.05,0,0,174,950,2828
4020332650,04-05-2016,10252,7.35,7.35,0.00,0.67,1.04,5.58,0.00,13,46,346,531,3879
4020332650,05-05-2016,11728,8.43,8.43,0.00,2.62,1.68,4.04,0.07,38,42,196,916,3429
4020332650,06-05-2016,4369,3.13,3.13,0.00,0.00,0.00,3.10,0.01,0,0,177,855,2704
4020332650,07-05-2016,6132,4.40,4.40,0.00,0.00,0.00,3.58,0.00,0,0,184,1256,2975
4020332650,08-05-2016,5862,4.20,4.20,0.00,0.00,0.00,4.15,0.00,0,0,263,775,3089
4020332650,09-05-2016,4556,3.27,3.27,0.00,0.20,0.12,2.94,0.00,3,5,173,1225,2785
4020332650,10-05-2016,5546,3.98,3.98,0.00,0.00,0.00,3.87,0.04,0,0,206,774,2926
4020332650,11-05-2016,3689,2.65,2.65,0.00,0.11,0.17,2.33,0.00,2,8,134,1296,2645
4020332650,12-05-2016,590,0.42,0.42,0.00,0.00,0.00,0.41,0.00,0,0,21,721,1120
4057192912,12-04-2016,5394,4.03,4.03,0.00,0.00,0.00,3.94,0.00,0,0,164,1276,2286
4057192912,13-04-2016,5974,4.47,4.47,0.00,0.00,0.00,4.37,0.00,0,0,160,1280,2306
4057192912,14-04-2016,0,0.00,0.00,0.00,0.00,0.00,0.00,0.00,0,0,0,1440,1776
4057192912,15-04-2016,3984,2.95,2.95,0.00,0.21,0.26,2.44,0.00,3,6,88,873,1527
4319703577,12-04-2016,7753,5.20,5.20,0.00,0.00,0.00,0.00,0.00,0,0,0,1440,2115
4319703577,13-04-2016,8204,5.50,5.50,0.00,0.53,0.59,1.31,0.00,8,15,96,1234,2135
4319703577,14-04-2016,10210,6.88,6.88,0.00,0.11,0.33,6.44,0.00,1,9,339,589,2302
4319703577,15-04-2016,5664,3.80,3.80,0.00,0.00,0.00,3.80,0.00,0,0,228,752,1985
4319703577,16-04-2016,4744,3.18,3.18,0.00,0.00,0.00,3.18,0.00,0,0,194,724,1884
4319703577,17-04-2016,29,0.02,0.02,0.00,0.00,0.00,0.02,0.00,0,0,3,1363,1464
4319703577,18-04-2016,2276,1.55,1.55,0.00,0.07,0.33,1.12,0.00,1,9,58,824,1632
4319703577,19-04-2016,8925,5.99,5.99,0.00,0.00,0.00,5.99,0.00,0,0,311,604,2200
4319703577,20-04-2016,8954,6.01,6.01,0.00,0.00,0.68,5.31,0.00,0,18,306,671,2220
4319703577,21-04-2016,3702,2.48,2.48,0.00,0.00,0.00,0.35,0.00,0,0,34,1265,1792
4319703577,22-04-2016,4500,3.02,3.02,0.00,0.06,0.81,2.15,0.00,1,19,176,709,1886
4319703577,23-04-2016,4935,3.31,3.31,0.00,0.00,0.00,3.31,0.00,0,0,233,546,1945
4319703577,24-04-2016,4081,2.74,2.74,0.00,0.06,0.20,2.47,0.00,1,5,191,692,1880
4319703577,25-04-2016,9259,6.21,6.21,0.00,0.00,0.28,5.93,0.00,0,8,390,544,2314
4319703577,26-04-2016,9899,6.64,6.64,0.00,0.57,0.92,5.15,0.00,8,21,288,649,2236
4319703577,27-04-2016,10780,7.23,7.23,0.00,0.41,1.92,4.91,0.00,6,47,300,680,2324
4319703577,28-04-2016,10817,7.28,7.28,0.00,1.01,0.33,5.94,0.00,13,8,359,552,2367
4319703577,29-04-2016,7990,5.36,5.36,0.00,0.45,0.79,4.12,0.00,6,18,289,624,2175
4319703577,30-04-2016,8221,5.52,5.52,0.00,0.40,1.61,3.51,0.00,6,38,196,695,2092
4319703577,01-05-2016,1251,0.84,0.84,0.00,0.00,0.00,0.84,0.00,0,0,67,836,1593
4319703577,02-05-2016,9261,6.24,6.24,0.00,0.00,0.44,5.71,0.00,0,11,344,585,2270
4319703577,03-05-2016,9648,6.47,6.47,0.00,0.58,1.07,4.83,0.00,8,26,287,669,2235
4319703577,04-05-2016,10429,7.02,7.02,0.00,0.59,0.58,5.85,0.00,8,13,313,1106,2282
4319703577,05-05-2016,13658,9.49,9.49,0.00,2.63,1.41,5.45,0.00,27,34,328,957,2530
4319703577,06-05-2016,9524,6.42,6.42,0.00,0.41,0.47,5.46,0.00,6,11,314,692,2266
4319703577,07-05-2016,7937,5.33,5.33,0.00,0.19,1.05,4.08,0.00,3,28,279,586,2158
4319703577,08-05-2016,3672,2.46,2.46,0.00,0.00,0.00,2.46,0.00,0,0,153,603,1792
4319703577,09-05-2016,10378,6.96,6.96,0.00,0.14,0.56,6.25,0.00,2,14,374,490,2345
4319703577,10-05-2016,9487,6.37,6.37,0.00,0.21,0.46,5.70,0.00,3,12,329,555,2260
4319703577,11-05-2016,9129,6.13,6.13,0.00,0.20,0.74,5.18,0.00,3,18,311,574,2232
4319703577,12-05-2016,17,0.01,0.01,0.00,0.00,0.00,0.01,0.00,0,0,2,0,257
4388161847,12-04-2016,10122,7.78,7.78,0.00,0.00,0.00,0.00,0.00,0,0,0,1440,2955
4388161847,13-04-2016,10993,8.45,8.45,0.00,0.06,0.63,3.88,0.00,1,14,150,1275,3092
4388161847,14-04-2016,8863,6.82,6.82,0.00,0.13,1.07,5.62,0.00,10,35,219,945,2998
4388161847,15-04-2016,8758,6.73,6.73,0.00,0.00,0.00,6.73,0.00,0,0,299,837,3066
4388161847,16-04-2016,6580,5.06,5.06,0.00,0.21,0.40,4.45,0.00,6,9,253,609,3073
4388161847,17-04-2016,4660,3.58,3.58,0.00,0.00,0.00,3.58,0.00,0,0,201,721,2572
4388161847,18-04-2016,11009,9.10,9.10,0.00,3.56,0.40,5.14,0.00,27,8,239,1017,3274
4388161847,19-04-2016,10181,7.83,7.83,0.00,1.37,0.69,5.77,0.00,20,16,249,704,3015
4388161847,20-04-2016,10553,8.12,8.12,0.00,1.10,1.72,5.29,0.00,19,42,228,696,3083
4388161847,21-04-2016,10055,7.73,7.73,0.00,0.37,0.39,6.98,0.00,7,12,272,853,3069
4388161847,22-04-2016,12139,9.34,9.34,0.00,3.30,1.11,4.92,0.00,77,25,220,945,3544
4388161847,23-04-2016,13236,10.18,10.18,0.00,4.50,0.32,5.35,0.00,58,5,215,749,3306
4388161847,24-04-2016,10243,7.88,7.88,0.00,1.08,0.51,6.30,0.00,14,8,239,584,2885
4388161847,25-04-2016,12961,9.97,9.97,0.00,0.73,1.40,7.84,0.00,11,31,301,1054,3288
4388161847,26-04-2016,9461,7.28,7.28,0.00,0.94,1.06,5.27,0.00,14,23,224,673,2929
4388161847,27-04-2016,11193,8.61,8.61,0.00,0.70,2.51,5.39,0.00,11,48,241,684,3074
4388161847,28-04-2016,10074,7.75,7.75,0.00,1.29,0.43,6.03,0.00,19,9,234,878,2969
4388161847,29-04-2016,9232,7.10,7.10,0.00,0.80,0.89,5.42,0.00,13,16,236,1175,2979
4388161847,30-04-2016,12533,9.64,9.64,0.00,0.70,2.00,6.94,0.00,14,43,300,537,3283
4388161847,01-05-2016,10255,7.89,7.89,0.00,1.01,0.68,6.20,0.00,12,15,241,579,2926
4388161847,02-05-2016,10096,8.40,8.40,0.00,3.77,0.08,4.55,0.00,33,4,204,935,3147
4388161847,03-05-2016,12727,9.79,9.79,0.00,1.13,0.78,7.88,0.00,18,18,306,984,3290
4388161847,04-05-2016,12375,9.52,9.52,0.00,2.79,0.93,5.80,0.00,35,21,251,632,3162
4388161847,05-05-2016,9603,7.38,7.38,0.00,0.63,1.67,5.09,0.00,12,39,199,896,2899
4388161847,06-05-2016,13175,10.13,10.13,0.00,2.11,2.09,5.93,0.00,33,45,262,1100,3425
4388161847,07-05-2016,22770,17.54,17.54,0.00,9.45,2.77,5.33,0.00,120,56,260,508,4022
4388161847,08-05-2016,17298,14.38,14.38,0.00,9.89,1.26,3.23,0.00,107,38,178,576,3934
4388161847,09-05-2016,10218,7.86,7.86,0.00,0.34,0.73,6.79,0.00,6,19,258,1020,3013
4388161847,10-05-2016,10299,7.92,7.92,0.00,0.81,0.65,6.46,0.00,13,14,267,648,3061
4388161847,11-05-2016,10201,7.84,7.84,0.00,0.53,0.79,6.53,0.00,8,18,256,858,2954
4388161847,12-05-2016,3369,2.59,2.59,0.00,0.00,0.00,2.59,0.00,0,0,108,825,1623
4445114986,12-04-2016,3276,2.20,2.20,0.00,0.00,0.00,2.20,0.00,0,0,196,787,2113
4445114986,13-04-2016,2961,1.99,1.99,0.00,0.00,0.00,1.99,0.00,0,0,194,840,2095
4445114986,14-04-2016,3974,2.67,2.67,0.00,0.00,0.00,2.67,0.00,0,0,231,717,2194
4445114986,15-04-2016,7198,4.83,4.83,0.00,0.00,0.00,4.83,0.00,0,0,350,711,2496
4445114986,16-04-2016,3945,2.65,2.65,0.00,0.00,0.00,2.65,0.00,0,0,225,716,2180
4445114986,17-04-2016,2268,1.52,1.52,0.00,0.00,0.00,1.52,0.00,0,0,114,1219,1933
4445114986,18-04-2016,6155,4.24,4.24,0.00,2.00,0.29,1.95,0.00,25,6,162,1247,2248
4445114986,19-04-2016,2064,1.39,1.39,0.00,0.00,0.00,1.39,0.00,0,0,121,895,1954
4445114986,20-04-2016,2072,1.39,1.39,0.00,0.00,0.00,1.39,0.00,0,0,137,841,1974
4445114986,21-04-2016,3809,2.56,2.56,0.00,0.00,0.00,2.54,0.00,0,0,215,756,2150
4445114986,22-04-2016,6831,4.58,4.58,0.00,0.00,0.00,4.58,0.00,0,0,317,706,2432
4445114986,23-04-2016,4363,2.93,2.93,0.00,0.00,0.00,2.93,0.00,0,0,201,1239,2149
4445114986,24-04-2016,5002,3.36,3.36,0.00,0.00,0.00,3.36,0.00,0,0,244,1196,2247
4445114986,25-04-2016,3385,2.27,2.27,0.00,0.00,0.00,2.27,0.00,0,0,179,916,2070
4445114986,26-04-2016,6326,4.41,4.41,0.00,2.41,0.04,1.96,0.00,29,1,180,839,2291
4445114986,27-04-2016,7243,5.03,5.03,0.00,2.62,0.03,2.38,0.00,32,1,194,839,2361
4445114986,28-04-2016,4493,3.01,3.01,0.00,0.00,0.00,3.01,0.00,0,0,236,762,2203
4445114986,29-04-2016,4676,3.14,3.14,0.00,0.00,0.00,3.13,0.00,0,0,226,1106,2196
4445114986,30-04-2016,6222,4.18,4.18,0.00,0.00,0.00,4.18,0.00,0,0,290,797,2363
4445114986,01-05-2016,5232,3.51,3.51,0.00,0.00,0.00,3.51,0.00,0,0,240,741,2246
4445114986,02-05-2016,6910,4.75,4.75,0.00,2.21,0.19,2.35,0.00,27,4,200,667,2336
4445114986,03-05-2016,7502,5.18,5.18,0.00,2.48,0.11,2.58,0.00,30,2,233,725,2421
4445114986,04-05-2016,2923,1.96,1.96,0.00,0.00,0.00,1.96,0.00,0,0,180,897,2070
4445114986,05-05-2016,3800,2.55,2.55,0.00,0.12,0.24,2.18,0.00,2,6,185,734,2120
4445114986,06-05-2016,4514,3.03,3.03,0.00,0.00,0.00,3.03,0.00,0,0,229,809,2211
4445114986,07-05-2016,5183,3.59,3.59,0.00,2.13,0.19,1.25,0.00,26,4,108,866,2123
4445114986,08-05-2016,7303,4.90,4.90,0.00,0.00,0.25,4.65,0.00,0,8,308,733,2423
4445114986,09-05-2016,5275,3.54,3.54,0.00,0.00,0.00,3.54,0.00,0,0,266,641,2281
4445114986,10-05-2016,3915,2.63,2.63,0.00,0.00,0.00,2.63,0.00,0,0,231,783,2181
4445114986,11-05-2016,9105,6.11,6.11,0.00,2.25,1.00,2.86,0.00,34,22,232,622,2499
4445114986,12-05-2016,768,0.52,0.52,0.00,0.00,0.00,0.52,0.00,0,0,58,380,1212
4558609924,12-04-2016,5135,3.39,3.39,0.00,0.00,0.00,3.39,0.00,0,0,318,1122,1909
4558609924,13-04-2016,4978,3.29,3.29,0.00,1.24,0.44,1.61,0.00,19,7,127,1287,1722
4558609924,14-04-2016,6799,4.49,4.49,0.00,0.00,0.00,4.49,0.00,0,0,279,1161,1922
4558609924,15-04-2016,7795,5.15,5.15,0.00,0.59,0.84,3.73,0.00,17,30,262,1131,2121
4558609924,16-04-2016,7289,4.82,4.82,0.00,0.55,0.75,3.50,0.00,8,12,308,1112,1997
4558609924,17-04-2016,9634,6.40,6.40,0.00,0.55,1.14,4.71,0.00,7,19,304,1110,2117
4558609924,18-04-2016,8940,5.91,5.91,0.00,0.98,0.93,4.00,0.00,14,15,331,1080,2116
4558609924,19-04-2016,5401,3.57,3.57,0.00,0.05,0.36,3.16,0.00,1,9,248,1182,1876
4558609924,20-04-2016,4803,3.17,3.17,0.00,0.00,0.00,3.17,0.00,0,0,222,1218,1788
4558609924,21-04-2016,13743,9.08,9.08,0.00,0.42,0.97,7.70,0.00,6,21,432,844,2486
4558609924,22-04-2016,9601,6.35,6.35,0.00,1.37,1.50,3.47,0.00,20,25,273,1122,2094
4558609924,23-04-2016,6890,4.55,4.55,0.00,0.34,0.20,4.01,0.00,5,5,308,1122,2085
4558609924,24-04-2016,8563,5.66,5.66,0.00,0.00,0.00,5.65,0.00,0,0,395,1045,2173
4558609924,25-04-2016,8095,5.35,5.35,0.00,0.59,0.25,4.51,0.00,18,10,340,993,2225
4558609924,26-04-2016,9148,6.05,6.05,0.00,0.43,2.03,3.59,0.00,12,41,283,1062,2223
4558609924,27-04-2016,9557,6.32,6.32,0.00,1.96,0.89,3.46,0.00,27,14,312,1087,2098
4558609924,28-04-2016,9451,6.25,6.25,0.00,0.02,0.27,5.95,0.00,1,11,367,985,2185
4558609924,29-04-2016,7833,5.18,5.18,0.00,1.02,1.85,2.31,0.00,15,29,197,1096,1918
4558609924,30-04-2016,10319,6.82,6.82,0.00,0.47,1.89,4.46,0.00,7,29,293,1111,2105
4558609924,01-05-2016,3428,2.27,2.27,0.00,0.00,0.00,2.27,0.00,0,0,190,1121,1692
4558609924,02-05-2016,7891,5.22,5.22,0.00,0.00,0.00,5.22,0.00,0,0,383,1057,2066
4558609924,03-05-2016,5267,3.48,3.48,0.00,0.60,0.28,2.60,0.00,21,10,237,1172,1953
4558609924,04-05-2016,5232,3.46,3.46,0.00,0.00,0.00,3.46,0.00,0,0,252,1188,1842
4558609924,05-05-2016,10611,7.01,7.01,0.00,1.01,0.50,5.51,0.00,14,8,370,1048,2262
4558609924,06-05-2016,3755,2.48,2.48,0.00,0.00,0.00,2.48,0.00,0,0,202,1238,1722
4558609924,07-05-2016,8237,5.44,5.44,0.00,1.61,1.00,2.83,0.00,23,16,233,1116,1973
4558609924,08-05-2016,6543,4.33,4.33,0.00,1.80,0.50,2.02,0.00,66,35,238,1019,2666
4558609924,09-05-2016,11451,7.57,7.57,0.00,0.43,1.62,5.52,0.00,6,30,339,1065,2223
4558609924,10-05-2016,6435,4.25,4.25,0.00,0.74,1.12,2.39,0.00,11,18,220,1191,1889
4558609924,11-05-2016,9108,6.02,6.02,0.00,0.26,1.82,3.94,0.00,4,31,324,1081,2131
4558609924,12-05-2016,6307,4.17,4.17,0.00,0.00,0.00,4.17,0.00,0,0,247,736,1452
4702921684,12-04-2016,7213,5.88,5.88,0.00,0.00,0.00,5.85,0.00,0,0,263,718,2947
4702921684,13-04-2016,6877,5.58,5.58,0.00,0.00,0.00,5.58,0.00,0,0,258,777,2898
4702921684,14-04-2016,7860,6.37,6.37,0.00,0.00,0.00,6.37,0.00,0,0,271,772,2984
4702921684,15-04-2016,6506,5.28,5.28,0.00,0.07,0.42,4.79,0.00,1,8,256,944,2896
4702921684,16-04-2016,11140,9.03,9.03,0.00,0.24,1.25,7.54,0.00,3,24,335,556,3328
4702921684,17-04-2016,12692,10.29,10.29,0.00,0.96,3.46,5.88,0.00,12,66,302,437,3394
4702921684,18-04-2016,9105,7.38,7.38,0.00,1.82,1.49,4.07,0.00,22,30,191,890,3013
4702921684,19-04-2016,6708,5.44,5.44,0.00,0.88,0.37,4.19,0.00,10,8,179,757,2812
4702921684,20-04-2016,8793,7.13,7.13,0.00,0.16,1.23,5.73,0.00,2,29,260,717,3061
4702921684,21-04-2016,6530,5.30,5.30,0.00,0.31,2.05,2.94,0.00,4,41,144,901,2729
4702921684,22-04-2016,1664,1.35,1.35,0.00,0.00,0.00,1.35,0.00,0,0,72,1341,2241
4702921684,23-04-2016,15126,12.27,12.27,0.00,0.76,3.24,8.27,0.00,9,66,408,469,3691
4702921684,24-04-2016,15050,12.22,12.22,0.00,1.20,5.12,5.88,0.00,15,95,281,542,3538
4702921684,25-04-2016,9167,7.43,7.43,0.00,0.49,0.82,6.11,0.00,6,15,270,730,3064
4702921684,26-04-2016,6108,4.95,4.95,0.00,0.07,0.35,4.54,0.00,1,8,216,765,2784
4702921684,27-04-2016,7047,5.72,5.72,0.00,0.09,0.80,4.78,0.00,1,16,238,733,2908
4702921684,28-04-2016,9023,7.32,7.32,0.00,1.13,0.42,5.77,0.00,14,9,232,738,3033
4702921684,29-04-2016,9930,8.05,8.05,0.00,1.06,0.92,6.07,0.00,12,19,267,692,3165
4702921684,30-04-2016,10144,8.23,8.23,0.00,0.32,2.03,5.88,0.00,4,36,263,728,3115
4702921684,01-05-2016,0,0.00,0.00,0.00,0.00,0.00,0.00,0.00,0,0,0,1440,2017
4702921684,02-05-2016,7245,5.92,5.92,0.00,0.38,1.74,3.76,0.00,5,40,195,1131,2859
4702921684,03-05-2016,9454,7.67,7.67,0.00,0.00,0.00,7.67,0.00,0,0,313,729,3145
4702921684,04-05-2016,8161,6.62,6.62,0.00,0.34,0.73,5.54,0.00,4,15,251,757,3004
4702921684,05-05-2016,8614,6.99,6.99,0.00,0.67,0.22,6.09,0.00,8,5,241,745,3006
4702921684,06-05-2016,6943,5.63,5.63,0.00,0.08,0.66,4.87,0.00,1,16,207,682,2859
4702921684,07-05-2016,14370,11.65,11.65,0.00,0.37,2.31,8.97,0.00,5,46,439,577,3683
4702921684,08-05-2016,12857,10.43,10.43,0.00,0.68,6.21,3.54,0.00,9,125,192,1019,3287
4702921684,09-05-2016,8232,6.68,6.68,0.00,0.00,0.57,6.10,0.00,0,12,253,746,2990
4702921684,10-05-2016,10613,8.61,8.61,0.00,0.08,1.88,6.65,0.00,1,37,262,701,3172
4702921684,11-05-2016,9810,7.96,7.96,0.00,0.78,2.16,4.98,0.00,10,41,235,784,3069
4702921684,12-05-2016,2752,2.23,2.23,0.00,0.00,0.00,2.23,0.00,0,0,68,241,1240
5553957443,12-04-2016,11596,7.57,7.57,0.00,1.37,0.79,5.41,0.00,19,13,277,767,2026
5553957443,13-04-2016,4832,3.16,3.16,0.00,0.00,0.00,3.16,0.00,0,0,226,647,1718
5553957443,14-04-2016,17022,11.12,11.12,0.00,4.00,2.45,4.67,0.00,61,41,256,693,2324
5553957443,15-04-2016,16556,10.86,10.86,0.00,4.16,1.98,4.71,0.00,58,38,239,689,2254
5553957443,16-04-2016,5771,3.77,3.77,0.00,0.00,0.00,3.77,0.00,0,0,288,521,1831
5553957443,17-04-2016,655,0.43,0.43,0.00,0.00,0.00,0.43,0.00,0,0,46,943,1397
5553957443,18-04-2016,3727,2.43,2.43,0.00,0.00,0.00,2.43,0.00,0,0,206,622,1683
5553957443,19-04-2016,15482,10.11,10.11,0.00,4.28,1.66,4.18,0.00,69,28,249,756,2284
5553957443,20-04-2016,2713,1.77,1.77,0.00,0.00,0.00,1.77,0.00,0,0,148,598,1570
5553957443,21-04-2016,12346,8.06,8.06,0.00,2.95,2.16,2.96,0.00,47,42,177,801,2066
5553957443,22-04-2016,11682,7.63,7.63,0.00,1.38,0.63,5.60,0.00,25,16,270,781,2105
5553957443,23-04-2016,4112,2.69,2.69,0.00,0.00,0.00,2.68,0.00,0,0,272,443,1776
5553957443,24-04-2016,1807,1.18,1.18,0.00,0.00,0.00,1.18,0.00,0,0,104,582,1507
5553957443,25-04-2016,10946,7.19,7.19,0.00,2.93,0.57,3.69,0.00,51,11,201,732,2033
5553957443,26-04-2016,11886,7.76,7.76,0.00,2.37,0.93,4.46,0.00,40,18,238,750,2093
5553957443,27-04-2016,10538,6.88,6.88,0.00,1.14,1.00,4.74,0.00,16,16,206,745,1922
5553957443,28-04-2016,11393,7.63,7.63,0.00,3.71,0.75,3.17,0.00,49,13,165,727,1999
5553957443,29-04-2016,12764,8.33,8.33,0.00,2.79,0.64,4.91,0.00,46,15,270,709,2169
5553957443,30-04-2016,1202,0.78,0.78,0.00,0.00,0.00,0.78,0.00,0,0,84,506,1463
5553957443,01-05-2016,5164,3.37,3.37,0.00,0.00,0.00,3.37,0.00,0,0,237,436,1747
5553957443,02-05-2016,9769,6.38,6.38,0.00,1.06,0.41,4.90,0.00,23,9,227,724,1996
5553957443,03-05-2016,12848,8.39,8.39,0.00,1.50,1.20,5.68,0.00,26,29,247,812,2116
5553957443,04-05-2016,4249,2.77,2.77,0.00,0.00,0.00,2.77,0.00,0,0,224,651,1698
5553957443,05-05-2016,14331,9.51,9.51,0.00,3.43,1.66,4.43,0.00,44,29,241,692,2156
5553957443,06-05-2016,9632,6.29,6.29,0.00,1.52,0.54,4.23,0.00,21,9,229,761,1916
5553957443,07-05-2016,1868,1.22,1.22,0.00,0.00,0.00,1.22,0.00,0,0,96,902,1494
5553957443,08-05-2016,6083,4.00,4.00,0.00,0.22,0.47,3.30,0.00,3,8,210,505,1762
5553957443,09-05-2016,11611,7.58,7.58,0.00,2.13,0.89,4.56,0.00,59,22,251,667,2272
5553957443,10-05-2016,16358,10.71,10.71,0.00,3.87,1.61,5.20,0.00,61,40,265,707,2335
5553957443,11-05-2016,4926,3.22,3.22,0.00,0.00,0.00,3.22,0.00,0,0,195,628,1693
5553957443,12-05-2016,3121,2.04,2.04,0.00,0.58,0.40,1.06,0.00,8,6,48,222,741
5577150313,12-04-2016,8135,6.08,6.08,0.00,3.60,0.38,2.10,0.00,86,16,140,728,3405
5577150313,13-04-2016,5077,3.79,3.79,0.00,0.32,0.22,3.25,0.00,15,11,144,776,2551
5577150313,14-04-2016,8596,6.42,6.42,0.00,3.33,0.31,2.78,0.00,118,30,176,662,4022
5577150313,15-04-2016,12087,9.08,9.08,0.00,3.92,1.60,3.56,0.00,115,54,199,695,4005
5577150313,16-04-2016,14269,10.66,10.66,0.00,6.64,1.28,2.73,0.00,184,56,158,472,4274
5577150313,17-04-2016,12231,9.14,9.14,0.00,5.98,0.83,2.32,0.00,200,37,159,525,4552
5577150313,18-04-2016,9893,7.39,7.39,0.00,4.86,0.72,1.82,0.00,114,32,130,623,3625
5577150313,19-04-2016,12574,9.42,9.42,0.00,7.02,0.64,1.76,0.00,108,23,111,733,3501
5577150313,20-04-2016,8330,6.22,6.22,0.00,4.12,0.34,1.76,0.00,87,16,113,773,3192
5577150313,21-04-2016,10830,8.09,8.09,0.00,3.65,1.66,2.78,0.00,110,74,175,670,4018
5577150313,22-04-2016,9172,6.85,6.85,0.00,2.42,0.79,3.30,0.00,62,30,200,823,3329
5577150313,23-04-2016,7638,5.71,5.71,0.00,1.21,0.36,4.14,0.00,24,24,223,627,3152
5577150313,24-04-2016,15764,11.78,11.78,0.00,7.65,2.15,1.98,0.00,210,65,141,425,4392
5577150313,25-04-2016,6393,4.78,4.78,0.00,1.35,0.67,2.76,0.00,61,38,214,743,3374
5577150313,26-04-2016,5325,3.98,3.98,0.00,0.85,0.65,2.47,0.00,38,32,181,759,3088
5577150313,27-04-2016,6805,5.14,5.14,0.00,1.81,0.40,2.93,0.00,63,16,190,773,3294
5577150313,28-04-2016,9841,7.43,7.43,0.00,3.25,1.17,3.01,0.00,99,51,141,692,3580
5577150313,29-04-2016,7924,5.92,5.92,0.00,2.84,0.61,2.47,0.00,97,36,165,739,3544
5577150313,30-04-2016,12363,9.24,9.24,0.00,5.83,0.79,2.61,0.00,207,45,163,621,4501
5577150313,01-05-2016,13368,9.99,9.99,0.00,5.31,1.44,3.24,0.00,194,72,178,499,4546
5577150313,02-05-2016,7439,5.56,5.56,0.00,1.12,0.35,4.07,0.00,37,20,235,732,3014
5577150313,03-05-2016,11045,8.25,8.25,0.00,4.52,0.15,3.57,0.00,97,8,212,580,3795
5577150313,04-05-2016,5206,3.89,3.89,0.00,1.56,0.25,2.08,0.00,25,9,141,631,2755
5577150313,05-05-2016,7550,5.64,5.64,0.00,2.50,0.47,2.67,0.00,45,21,143,1153,3004
5577150313,06-05-2016,4950,3.70,3.70,0.00,1.93,0.32,1.45,0.00,41,16,79,1304,2643
5577150313,07-05-2016,0,0.00,0.00,0.00,0.00,0.00,0.00,0.00,0,0,0,1440,1819
5577150313,08-05-2016,0,0.00,0.00,0.00,0.00,0.00,0.00,0.00,0,0,0,1440,1819
5577150313,09-05-2016,3421,2.56,2.56,0.00,1.43,0.14,0.99,0.00,34,11,70,1099,2489
5577150313,10-05-2016,8869,6.65,6.65,0.00,2.56,0.75,3.35,0.00,104,37,194,639,3841
5577150313,11-05-2016,4038,3.04,3.04,0.00,1.83,0.30,0.89,0.00,45,15,63,257,1665
6117666160,12-04-2016,0,0.00,0.00,0.00,0.00,0.00,0.00,0.00,0,0,0,1440,1496
6117666160,13-04-2016,0,0.00,0.00,0.00,0.00,0.00,0.00,0.00,0,0,0,1440,1496
6117666160,14-04-2016,0,0.00,0.00,0.00,0.00,0.00,0.00,0.00,0,0,0,1440,1496
6117666160,15-04-2016,14019,10.59,10.59,0.00,0.00,0.28,10.30,0.00,0,6,513,921,2865
6117666160,16-04-2016,14450,10.91,10.91,0.00,0.58,0.85,9.48,0.00,7,15,518,502,2828
6117666160,17-04-2016,7150,5.40,5.40,0.00,0.00,0.00,5.40,0.00,0,0,312,702,2225
6117666160,18-04-2016,5153,3.91,3.91,0.00,0.00,0.00,3.89,0.00,0,0,241,759,2018
6117666160,19-04-2016,11135,8.41,8.41,0.00,0.00,0.00,8.41,0.00,0,0,480,425,2606
6117666160,20-04-2016,10449,8.02,8.02,0.00,2.03,0.48,5.52,0.00,26,10,349,587,2536
6117666160,21-04-2016,19542,15.01,15.01,0.00,0.98,0.40,5.62,0.00,11,19,294,579,4900
6117666160,22-04-2016,8206,6.20,6.20,0.00,0.00,0.00,6.20,0.00,0,0,402,413,2409
6117666160,23-04-2016,11495,8.68,8.68,0.00,0.00,0.00,8.68,0.00,0,0,512,468,2651
6117666160,24-04-2016,7623,5.76,5.76,0.00,0.00,0.00,5.76,0.00,0,0,362,711,2305
6117666160,25-04-2016,0,0.00,0.00,0.00,0.00,0.00,0.00,0.00,0,0,0,1440,1497
6117666160,26-04-2016,9543,7.21,7.21,0.00,0.00,0.34,6.87,0.00,0,7,352,1077,2450
6117666160,27-04-2016,9411,7.11,7.11,0.00,0.00,0.00,7.11,0.00,0,0,458,417,2576
6117666160,28-04-2016,3403,2.60,2.60,0.00,0.00,0.00,2.60,0.00,0,0,141,758,1879
6117666160,29-04-2016,9592,7.24,7.24,0.00,0.00,0.00,7.24,0.00,0,0,461,479,2560
6117666160,30-04-2016,6987,5.28,5.28,0.00,0.00,0.00,5.28,0.00,0,0,343,1040,2275
6117666160,01-05-2016,8915,6.73,6.73,0.00,0.00,0.00,6.73,0.00,0,0,397,525,2361
6117666160,02-05-2016,4933,3.73,3.73,0.00,0.00,0.00,3.73,0.00,0,0,236,1204,2044
6117666160,03-05-2016,0,0.00,0.00,0.00,0.00,0.00,0.00,0.00,0,0,0,1440,1496
6117666160,04-05-2016,2997,2.26,2.26,0.00,0.00,0.00,2.26,0.00,0,0,156,1279,1902
6117666160,05-05-2016,9799,7.40,7.40,0.00,0.00,0.00,7.40,0.00,0,0,487,479,2636
6117666160,06-05-2016,3365,2.68,2.68,0.00,0.00,0.00,2.68,0.00,0,0,133,673,1838
6117666160,07-05-2016,7336,5.54,5.54,0.00,0.00,0.00,5.54,0.00,0,0,412,456,2469
6117666160,08-05-2016,7328,5.53,5.53,0.00,0.00,0.00,5.53,0.00,0,0,318,517,2250
6117666160,09-05-2016,4477,3.38,3.38,0.00,0.00,0.00,3.38,0.00,0,0,197,125,1248
6290855005,12-04-2016,4562,3.45,3.45,0.00,0.00,0.00,3.45,0.00,0,0,199,1241,2560
6290855005,13-04-2016,7142,5.40,5.40,0.00,0.00,0.00,5.39,0.01,0,0,350,1090,2905
6290855005,14-04-2016,7671,5.80,5.80,0.00,0.00,0.00,5.77,0.03,0,0,363,1077,2952
6290855005,15-04-2016,9501,7.18,7.18,0.00,0.00,0.00,7.17,0.01,0,0,328,1112,2896
6290855005,16-04-2016,8301,6.28,6.28,0.00,0.00,0.00,6.27,0.01,0,0,258,1182,2783
6290855005,17-04-2016,7851,5.94,5.94,0.00,1.14,0.79,4.00,0.00,31,12,225,1172,3171
6290855005,18-04-2016,6885,5.21,5.21,0.00,0.00,0.00,5.19,0.02,0,0,271,1169,2766
6290855005,19-04-2016,7142,5.40,5.40,0.00,0.00,0.00,5.39,0.01,0,0,321,1119,2839
6290855005,20-04-2016,6361,4.81,4.81,0.00,0.00,0.00,4.80,0.01,0,0,258,1182,2701
6290855005,21-04-2016,0,0.00,0.00,0.00,0.00,0.00,0.00,0.00,0,0,0,1440,2060
6290855005,22-04-2016,6238,4.72,4.72,0.00,0.00,0.00,4.72,0.00,0,0,302,1138,2796
6290855005,23-04-2016,0,0.00,0.00,0.00,0.00,0.00,0.00,0.00,33,0,0,1407,2664
6290855005,24-04-2016,5896,4.46,4.46,0.00,0.00,0.00,4.46,0.00,0,0,258,1182,2703
6290855005,25-04-2016,7802,5.90,5.90,0.00,0.68,0.18,5.03,0.01,8,3,249,1180,2771
6290855005,26-04-2016,0,0.00,0.00,0.00,0.00,0.00,0.00,0.00,0,0,0,1440,2060
6290855005,27-04-2016,5565,4.21,4.21,0.00,0.00,0.00,4.18,0.03,0,0,287,1153,2743
6290855005,28-04-2016,5731,4.33,4.33,0.00,0.00,0.00,4.33,0.00,0,0,255,1185,2687
6290855005,29-04-2016,0,0.00,0.00,0.00,0.00,0.00,0.00,0.00,0,0,0,1440,2060
6290855005,30-04-2016,6744,5.10,5.10,0.00,0.00,0.00,5.09,0.01,0,0,324,1116,2843
6290855005,01-05-2016,9837,7.44,7.44,0.00,0.66,2.75,4.00,0.02,8,95,282,1055,3327
6290855005,02-05-2016,6781,5.13,5.13,0.00,0.00,0.00,5.11,0.02,0,0,268,1172,2725
6290855005,03-05-2016,6047,4.57,4.57,0.00,0.00,0.00,4.57,0.00,0,0,240,1200,2671
6290855005,04-05-2016,5832,4.41,4.41,0.00,0.00,0.00,4.40,0.01,0,0,272,1168,2718
6290855005,05-05-2016,6339,4.79,4.79,0.00,0.00,0.00,4.79,0.00,0,0,239,1201,2682
6290855005,06-05-2016,6116,4.62,4.62,0.00,0.00,0.00,4.59,0.03,0,0,305,1135,2806
6290855005,07-05-2016,5510,4.17,4.17,0.00,0.00,0.00,4.16,0.00,0,0,227,1213,2613
6290855005,08-05-2016,7706,5.83,5.83,0.00,0.00,0.00,5.82,0.00,0,0,251,1189,2712
6290855005,09-05-2016,6277,4.75,4.75,0.00,0.00,0.00,4.73,0.02,0,0,264,800,2175
6290855005,10-05-2016,0,0.00,0.00,0.00,0.00,0.00,0.00,0.00,0,0,0,1440,0
6775888955,12-04-2016,0,0.00,0.00,0.00,0.00,0.00,0.00,0.00,0,0,0,1440,1841
6775888955,13-04-2016,4053,2.91,2.91,0.00,1.11,0.58,1.22,0.00,17,18,85,1053,2400
6775888955,14-04-2016,5162,3.70,3.70,0.00,0.87,0.86,1.97,0.00,14,24,105,863,2507
6775888955,15-04-2016,1282,0.92,0.92,0.00,0.00,0.00,0.92,0.00,0,0,58,976,2127
6775888955,16-04-2016,4732,3.39,3.39,0.00,2.52,0.81,0.06,0.00,36,18,9,1377,2225
6775888955,17-04-2016,2497,1.79,1.79,0.00,0.35,1.13,0.31,0.00,5,24,19,1392,2067
6775888955,18-04-2016,8294,5.95,5.95,0.00,2.00,0.77,3.17,0.00,30,31,146,1233,2798
6775888955,19-04-2016,0,0.00,0.00,0.00,0.00,0.00,0.00,0.00,0,0,0,1440,1841
6775888955,20-04-2016,10771,7.72,7.72,0.00,3.77,1.74,2.22,0.00,70,113,178,1079,3727
6775888955,21-04-2016,0,0.00,0.00,0.00,0.00,0.00,0.00,0.00,0,0,0,1440,1841
6775888955,22-04-2016,637,0.46,0.46,0.00,0.00,0.00,0.46,0.00,0,0,20,1420,1922
6775888955,23-04-2016,0,0.00,0.00,0.00,0.00,0.00,0.00,0.00,0,0,0,1440,1841
6775888955,24-04-2016,2153,1.54,1.54,0.00,0.77,0.62,0.15,0.00,11,18,11,1400,2053
6775888955,25-04-2016,6474,4.64,4.64,0.00,2.27,0.46,1.90,0.00,33,13,92,1302,2484
6775888955,26-04-2016,7091,5.27,5.27,1.96,3.48,0.87,0.73,0.00,42,30,47,1321,2584
6775888955,27-04-2016,0,0.00,0.00,0.00,0.00,0.00,0.00,0.00,0,0,0,1440,1841
6775888955,28-04-2016,703,0.50,0.50,0.00,0.06,0.20,0.24,0.00,2,13,15,1410,1993
6775888955,29-04-2016,0,0.00,0.00,0.00,0.00,0.00,0.00,0.00,0,0,0,1440,1841
6775888955,30-04-2016,2503,1.79,1.79,0.00,0.16,0.16,1.48,0.00,3,9,84,1344,2280
6775888955,01-05-2016,2487,1.78,1.78,0.00,0.48,0.62,0.68,0.00,9,34,50,1347,2319
6775888955,02-05-2016,0,0.00,0.00,0.00,0.00,0.00,0.00,0.00,0,0,0,1440,1841
6775888955,03-05-2016,9,0.01,0.01,0.00,0.00,0.00,0.01,0.00,0,0,1,1439,1843
6775888955,04-05-2016,0,0.00,0.00,0.00,0.00,0.00,0.00,0.00,0,0,0,1440,1841
6775888955,05-05-2016,0,0.00,0.00,0.00,0.00,0.00,0.00,0.00,0,0,0,1440,1841
6775888955,06-05-2016,4697,3.37,3.37,0.00,0.47,0.93,1.93,0.00,12,35,75,1318,2496
6775888955,07-05-2016,1967,1.41,1.41,0.00,0.13,0.24,1.05,0.00,2,5,49,551,1032
6962181067,12-04-2016,10199,6.74,6.74,0.00,3.40,0.83,2.51,0.00,50,14,189,796,1994
6962181067,13-04-2016,5652,3.74,3.74,0.00,0.57,1.21,1.96,0.00,8,24,142,548,1718
6962181067,14-04-2016,1551,1.03,1.03,0.00,0.00,0.00,1.03,0.00,0,0,86,862,1466
6962181067,15-04-2016,5563,3.68,3.68,0.00,0.00,0.00,3.68,0.00,0,0,217,837,1756
6962181067,16-04-2016,13217,8.74,8.74,0.00,3.66,0.19,4.88,0.00,50,3,280,741,2173
6962181067,17-04-2016,10145,6.71,6.71,0.00,0.33,0.68,5.69,0.00,5,13,295,634,2027
6962181067,18-04-2016,11404,7.54,7.54,0.00,0.83,2.39,4.32,0.00,13,42,238,689,2039
6962181067,19-04-2016,10742,7.10,7.10,0.00,2.10,2.13,2.87,0.00,35,41,195,659,2046
6962181067,20-04-2016,13928,9.55,9.55,0.00,4.28,0.19,5.09,0.00,48,4,297,639,2174
6962181067,21-04-2016,11835,9.71,7.88,4.08,3.99,2.10,3.51,0.11,53,27,214,708,2179
6962181067,22-04-2016,10725,7.09,7.09,0.00,1.77,1.55,3.77,0.00,30,33,240,659,2086
6962181067,23-04-2016,20031,13.24,13.24,0.00,4.20,2.00,7.04,0.00,58,41,347,484,2571
6962181067,24-04-2016,5029,3.32,3.32,0.00,0.00,0.00,3.32,0.00,0,0,199,720,1705
6962181067,25-04-2016,13239,9.27,9.08,2.79,3.02,1.68,4.46,0.10,35,31,282,637,2194
6962181067,26-04-2016,10433,6.90,6.90,0.00,2.58,0.42,3.90,0.00,36,7,254,680,2012
6962181067,27-04-2016,10320,6.82,6.82,0.00,0.55,2.02,4.25,0.00,7,38,279,697,2034
6962181067,28-04-2016,12627,8.35,8.35,0.00,2.51,0.24,5.59,0.00,38,8,288,621,2182
6962181067,29-04-2016,10762,7.11,7.11,0.00,0.82,0.48,5.81,0.00,12,15,369,645,2254
6962181067,30-04-2016,10081,6.66,6.66,0.00,2.24,0.76,3.67,0.00,32,16,237,731,2002
6962181067,01-05-2016,5454,3.61,3.61,0.00,0.00,0.00,3.61,0.00,0,0,215,722,1740
6962181067,02-05-2016,12912,8.54,8.54,0.00,1.20,2.00,5.34,0.00,18,39,313,655,2162
6962181067,03-05-2016,12109,8.12,8.12,0.00,1.74,2.04,4.33,0.00,21,36,267,654,2072
6962181067,04-05-2016,10147,6.71,6.71,0.00,0.47,1.68,4.55,0.00,15,36,284,683,2086
6962181067,05-05-2016,10524,6.96,6.96,0.00,0.99,1.16,4.81,0.00,14,22,305,591,2066
6962181067,06-05-2016,5908,3.91,3.91,0.00,0.00,0.00,3.91,0.00,0,0,299,717,1850
6962181067,07-05-2016,6815,4.50,4.50,0.00,0.00,0.00,4.50,0.00,0,0,328,745,1947
6962181067,08-05-2016,4188,2.77,2.77,0.00,0.00,0.52,2.25,0.00,0,14,151,709,1659
6962181067,09-05-2016,12342,8.72,8.68,3.17,3.90,1.18,3.65,0.00,43,21,231,607,2105
6962181067,10-05-2016,15448,10.21,10.21,0.00,3.47,1.75,4.99,0.00,62,34,275,626,2361
6962181067,11-05-2016,6722,4.44,4.44,0.00,1.49,0.31,2.65,0.00,24,7,199,709,1855
6962181067,12-05-2016,3587,2.37,2.37,0.00,0.00,0.25,2.11,0.00,0,8,105,127,928
7007744171,12-04-2016,14172,10.29,9.48,4.87,4.50,0.38,5.41,0.00,53,8,355,1024,2937
7007744171,13-04-2016,12862,9.65,8.60,4.85,4.61,0.56,4.48,0.00,56,22,261,1101,2742
7007744171,14-04-2016,11179,8.24,7.48,3.29,2.95,0.34,4.96,0.00,34,6,304,1096,2668
7007744171,15-04-2016,5273,3.53,3.53,0.00,0.00,0.00,3.53,0.00,0,0,202,1238,2098
7007744171,16-04-2016,4631,3.10,3.10,0.00,0.00,0.00,3.10,0.00,0,0,203,1155,2076
7007744171,17-04-2016,8059,5.39,5.39,0.00,0.00,0.00,5.39,0.00,0,0,305,1135,2383
7007744171,18-04-2016,14816,10.98,9.91,4.93,3.79,2.12,5.05,0.02,48,31,284,1077,2832
7007744171,19-04-2016,14194,10.48,9.50,4.94,4.41,0.76,5.31,0.00,53,17,304,1066,2812
7007744171,20-04-2016,15566,11.31,10.41,4.92,4.79,0.67,5.86,0.00,60,33,347,1000,3096
7007744171,21-04-2016,13744,9.19,9.19,0.00,2.15,1.87,5.17,0.00,30,34,327,1049,2763
7007744171,22-04-2016,15299,10.24,10.24,0.00,4.10,1.76,4.37,0.00,64,50,261,1065,2889
7007744171,23-04-2016,8093,5.41,5.41,0.00,0.13,1.13,4.15,0.00,2,25,223,1190,2284
7007744171,24-04-2016,11085,7.42,7.42,0.00,0.00,0.00,7.42,0.00,0,0,419,1021,2667
7007744171,25-04-2016,18229,13.34,12.20,4.86,4.31,1.37,7.67,0.00,51,24,379,986,3055
7007744171,26-04-2016,15090,10.10,10.10,0.00,0.93,0.94,8.23,0.00,16,22,424,978,2939
7007744171,27-04-2016,13541,10.22,9.06,4.89,4.27,0.66,5.29,0.00,50,12,337,1041,2830
7007744171,28-04-2016,15128,10.12,10.12,0.00,1.09,0.77,8.26,0.00,16,16,401,1007,2836
7007744171,29-04-2016,20067,14.30,13.42,4.91,4.31,2.05,7.95,0.00,55,42,382,961,3180
7007744171,30-04-2016,3761,2.52,2.52,0.00,0.00,0.00,2.52,0.00,0,0,200,1240,2051
7007744171,01-05-2016,5600,3.75,3.75,0.00,0.00,0.00,3.75,0.00,0,0,237,1142,2225
7007744171,02-05-2016,13041,9.18,8.72,2.83,4.64,0.70,3.83,0.00,64,14,250,1112,2642
7007744171,03-05-2016,14510,10.87,9.71,4.91,4.48,1.02,5.36,0.00,58,31,330,1021,2976
7007744171,04-05-2016,0,0.00,0.00,0.00,0.00,0.00,0.00,0.00,0,0,0,1440,1557
7007744171,05-05-2016,15010,11.10,10.04,4.88,4.33,1.29,5.48,0.00,53,23,317,1047,2933
7007744171,06-05-2016,11459,7.67,7.67,0.00,3.00,0.81,3.86,0.00,44,13,247,1136,2553
7007744171,07-05-2016,0,0.00,0.00,0.00,0.00,0.00,0.00,0.00,0,0,0,111,120
7086361926,12-04-2016,11317,8.41,8.41,0.00,5.27,0.15,2.97,0.00,59,6,153,745,2772
7086361926,13-04-2016,5813,3.62,3.62,0.00,0.56,0.21,2.84,0.00,31,26,155,744,2516
7086361926,14-04-2016,9123,6.12,6.12,0.00,2.03,0.33,3.66,0.00,35,32,189,787,2734
7086361926,15-04-2016,8585,5.67,5.67,0.00,2.04,1.11,2.53,0.00,30,21,139,864,2395
7086361926,16-04-2016,31,0.01,0.01,0.00,0.00,0.00,0.01,0.00,0,0,3,1437,1635
7086361926,17-04-2016,0,0.00,0.00,0.00,0.00,0.00,0.00,0.00,0,0,0,1440,1629
7086361926,18-04-2016,9827,6.71,6.71,0.00,3.17,1.22,2.31,0.00,61,51,114,1136,2743
7086361926,19-04-2016,10688,7.29,7.29,0.00,3.53,1.23,2.51,0.00,67,69,124,671,2944
7086361926,20-04-2016,14365,10.64,10.64,0.00,7.64,0.45,2.54,0.00,87,13,145,797,2997
7086361926,21-04-2016,9469,6.18,6.18,0.00,1.36,0.30,4.51,0.00,19,6,206,758,2463
7086361926,22-04-2016,9753,6.53,6.53,0.00,2.87,0.97,2.67,0.00,58,59,153,762,2846
7086361926,23-04-2016,2817,1.81,1.81,0.00,0.00,0.00,1.80,0.00,0,0,90,1350,1965
7086361926,24-04-2016,3520,2.16,2.16,0.00,0.00,0.00,2.15,0.00,0,0,125,566,2049
7086361926,25-04-2016,10091,6.82,6.82,0.00,3.75,0.70,2.37,0.00,69,39,129,706,2752
7086361926,26-04-2016,10387,7.07,7.07,0.00,4.16,0.77,2.12,0.00,70,33,132,726,2781
7086361926,27-04-2016,11107,8.34,8.34,0.00,5.63,0.18,2.53,0.00,55,6,145,829,2693
7086361926,28-04-2016,11584,7.80,7.80,0.00,2.79,1.64,3.36,0.00,54,48,161,810,2862
7086361926,29-04-2016,7881,4.95,4.95,0.00,0.49,0.45,4.00,0.00,24,36,182,1198,2616
7086361926,30-04-2016,14560,9.41,9.41,0.00,3.12,1.04,5.24,0.00,42,17,308,584,2995
7086361926,01-05-2016,12390,8.07,8.07,0.00,2.30,0.90,4.85,0.00,30,15,258,685,2730
7086361926,02-05-2016,10052,6.81,6.81,0.00,3.48,0.66,2.66,0.00,66,26,139,737,2754
7086361926,03-05-2016,10288,6.76,6.76,0.00,2.74,0.85,3.16,0.00,57,36,152,761,2754
7086361926,04-05-2016,10988,8.31,8.31,0.00,5.28,0.12,2.90,0.00,45,12,135,843,2655
7086361926,05-05-2016,8564,5.60,5.60,0.00,1.78,0.83,2.95,0.00,24,14,149,1253,2386
7086361926,06-05-2016,12461,8.38,8.38,0.00,3.82,1.43,3.12,0.00,84,35,154,834,2924
7086361926,07-05-2016,12827,8.48,8.48,0.00,1.46,2.33,4.68,0.00,20,42,209,621,2739
7086361926,08-05-2016,10677,7.10,7.10,0.00,2.31,1.53,3.25,0.00,32,27,147,695,2534
7086361926,09-05-2016,13566,9.11,9.11,0.00,4.26,1.71,3.12,0.00,67,50,171,743,2960
7086361926,10-05-2016,14433,10.79,10.79,0.00,7.11,1.20,2.45,0.00,72,23,106,1182,2800
7086361926,11-05-2016,9572,6.52,6.52,0.00,2.89,1.39,2.23,0.00,57,40,128,757,2735
7086361926,12-05-2016,3789,2.56,2.56,0.00,0.38,0.27,1.89,0.00,5,4,58,343,1199
8053475328,12-04-2016,18060,14.12,14.12,0.00,11.64,0.39,2.10,0.00,116,8,123,1193,3186
8053475328,13-04-2016,16433,13.35,13.35,0.00,10.43,0.47,2.45,0.00,95,12,156,1177,3140
8053475328,14-04-2016,20159,15.97,15.97,0.00,12.34,0.21,3.36,0.00,119,5,193,1123,3411
8053475328,15-04-2016,20669,16.24,16.24,0.00,13.26,0.39,2.59,0.00,132,8,158,1142,3410
8053475328,16-04-2016,14549,11.11,11.11,0.00,9.36,0.27,1.49,0.00,96,6,83,1255,2867
8053475328,17-04-2016,18827,13.69,13.69,0.00,9.24,0.80,3.64,0.00,111,21,195,1113,3213
8053475328,18-04-2016,17076,12.66,12.66,0.00,9.08,0.23,3.35,0.00,102,6,195,1137,3133
8053475328,19-04-2016,15929,12.48,12.48,0.00,9.22,0.31,2.95,0.00,90,7,191,1152,3114
8053475328,20-04-2016,15108,12.19,12.19,0.00,9.58,0.23,2.38,0.00,89,5,158,695,3043
8053475328,21-04-2016,16057,12.51,12.51,0.00,9.67,0.25,2.58,0.00,100,6,170,1164,3103
8053475328,22-04-2016,10520,8.29,8.29,0.00,6.26,0.15,1.88,0.00,60,3,117,1260,2655
8053475328,23-04-2016,22359,17.19,17.19,0.00,12.54,0.63,4.02,0.00,125,14,223,741,3554
8053475328,24-04-2016,22988,17.95,17.95,0.00,13.13,1.55,3.26,0.00,129,33,182,1096,3577
8053475328,25-04-2016,20500,15.69,15.69,0.00,11.37,0.46,3.86,0.00,118,9,209,1104,3403
8053475328,26-04-2016,12685,9.62,9.62,0.00,6.31,0.20,3.10,0.00,68,5,185,1182,2846
8053475328,27-04-2016,12422,9.82,9.82,0.00,6.46,0.43,2.93,0.00,60,10,183,1187,2852
8053475328,28-04-2016,15447,12.40,12.40,0.00,9.67,0.39,2.35,0.00,90,9,153,1188,3062
8053475328,29-04-2016,12315,9.65,9.65,0.00,6.17,0.31,3.17,0.00,58,8,159,1215,2794
8053475328,30-04-2016,7135,5.59,5.59,0.00,2.99,0.06,2.54,0.00,27,1,131,1281,2408
8053475328,01-05-2016,1170,0.85,0.85,0.00,0.00,0.00,0.85,0.00,0,0,51,1389,1886
8053475328,02-05-2016,1969,1.43,1.43,0.00,0.00,0.00,1.43,0.00,0,0,95,1345,1988
8053475328,03-05-2016,15484,11.90,11.90,0.00,8.39,0.93,2.59,0.00,87,22,165,1166,3023
8053475328,04-05-2016,14581,11.15,11.15,0.00,8.82,0.40,1.91,0.00,89,8,123,1220,2918
8053475328,05-05-2016,14990,11.51,11.51,0.00,8.85,0.45,2.21,0.00,93,9,130,1208,2950
8053475328,06-05-2016,13953,11.00,11.00,0.00,9.10,0.69,1.21,0.00,90,15,90,1245,2859
8053475328,07-05-2016,19769,15.67,15.67,0.00,12.44,0.88,2.35,0.00,121,20,148,1076,3331
8053475328,08-05-2016,22026,17.65,17.65,0.00,13.40,0.59,3.66,0.00,125,14,228,1073,3589
8053475328,09-05-2016,12465,9.38,9.38,0.00,6.12,0.57,2.69,0.00,66,12,148,1214,2765
8053475328,10-05-2016,14810,11.36,11.36,0.00,9.09,0.42,1.85,0.00,96,10,115,1219,2926
8053475328,11-05-2016,12209,9.40,9.40,0.00,6.08,0.28,3.04,0.00,60,7,184,1189,2809
8053475328,12-05-2016,4998,3.91,3.91,0.00,2.95,0.20,0.76,0.00,28,4,39,839,1505
8253242879,12-04-2016,9033,7.16,7.16,0.00,5.43,0.14,1.59,0.00,40,2,154,1244,2044
8253242879,13-04-2016,8053,6.10,6.10,0.00,4.17,0.63,1.31,0.00,35,11,96,1298,1935
8253242879,14-04-2016,5234,3.46,3.46,0.00,1.93,0.99,0.54,0.00,29,16,33,1362,1705
8253242879,15-04-2016,2672,1.77,1.77,0.00,0.00,0.00,1.76,0.00,0,0,105,1335,1632
8253242879,16-04-2016,9256,6.14,6.14,0.00,0.43,3.27,2.45,0.00,6,51,115,1268,1880
8253242879,17-04-2016,10204,7.91,7.91,0.00,5.43,0.15,2.33,0.00,41,5,157,1237,2112
8253242879,18-04-2016,5151,3.48,3.48,0.00,1.04,0.63,1.80,0.00,16,16,130,1278,1829
8253242879,19-04-2016,4212,2.78,2.78,0.00,0.00,0.00,2.78,0.00,0,0,164,1276,1763
8253242879,20-04-2016,6466,4.27,4.27,0.00,0.33,0.82,3.11,0.01,5,18,216,1201,1931
8253242879,21-04-2016,11268,8.56,8.56,0.00,5.88,0.93,1.75,0.00,49,20,172,1199,2218
8253242879,22-04-2016,2824,1.87,1.87,0.00,0.00,0.00,1.87,0.00,0,0,120,1320,1651
8253242879,23-04-2016,9282,6.26,6.26,0.00,2.09,1.04,3.13,0.00,30,26,191,1193,2132
8253242879,24-04-2016,8905,7.13,7.13,0.00,5.60,0.19,1.34,0.00,41,4,82,1313,1976
8253242879,25-04-2016,6829,4.51,4.51,0.00,0.36,2.39,1.77,0.00,7,54,118,1261,1909
8253242879,26-04-2016,4562,3.04,3.04,0.00,1.18,0.49,1.37,0.00,19,14,108,1299,1813
8253242879,27-04-2016,10232,8.18,8.18,0.00,6.24,0.23,1.70,0.00,45,5,104,1286,2008
8253242879,28-04-2016,2718,1.80,1.80,0.00,0.67,0.78,0.34,0.00,11,16,20,1393,1580
8253242879,29-04-2016,6260,4.26,4.26,0.00,1.29,0.54,2.40,0.00,16,14,136,1257,1854
8253242879,30-04-2016,0,0.00,0.00,0.00,0.00,0.00,0.00,0.00,0,0,0,1440,0
8378563200,12-04-2016,7626,6.05,6.05,2.25,0.83,0.71,4.50,0.00,65,15,156,723,3635
8378563200,13-04-2016,12386,9.82,9.82,2.09,4.96,0.65,4.21,0.00,116,14,169,680,4079
8378563200,14-04-2016,13318,10.56,10.56,2.25,5.62,1.03,3.91,0.00,123,21,174,699,4163
8378563200,15-04-2016,14461,11.47,11.47,0.00,4.91,1.15,5.41,0.00,60,23,190,729,3666
8378563200,16-04-2016,11207,8.89,8.89,0.00,5.37,1.07,2.44,0.00,64,21,142,563,3363
8378563200,17-04-2016,2132,1.69,1.69,0.00,0.00,0.00,1.69,0.00,0,0,93,599,2572
8378563200,18-04-2016,13630,10.81,10.81,2.09,5.05,0.56,5.20,0.00,117,10,174,720,4157
8378563200,19-04-2016,13070,10.36,10.36,2.25,5.30,0.88,4.18,0.00,120,19,154,737,4092
8378563200,20-04-2016,9388,7.44,7.44,2.09,2.23,0.44,4.78,0.00,82,8,169,763,3787
8378563200,21-04-2016,15148,12.01,12.01,2.25,6.90,0.82,4.29,0.00,137,16,145,677,4236
8378563200,22-04-2016,12200,9.67,9.67,2.09,4.91,0.59,4.18,0.00,113,12,159,769,4044
8378563200,23-04-2016,5709,4.53,4.53,0.00,1.52,0.52,2.48,0.00,19,10,136,740,2908
8378563200,24-04-2016,3703,2.94,2.94,0.00,0.00,0.00,2.94,0.00,0,0,135,734,2741
8378563200,25-04-2016,12405,9.84,9.84,2.09,5.05,0.87,3.92,0.00,117,16,141,692,4005
8378563200,26-04-2016,16208,12.85,12.85,0.00,7.51,0.92,4.42,0.00,90,18,161,593,3763
8378563200,27-04-2016,7359,5.84,5.84,0.00,0.33,0.18,5.33,0.00,4,4,192,676,3061
8378563200,28-04-2016,5417,4.30,4.30,0.00,0.90,0.49,2.91,0.00,11,10,139,711,2884
8378563200,29-04-2016,6175,4.90,4.90,0.00,0.25,0.36,4.27,0.00,3,7,172,767,2982
8378563200,30-04-2016,2946,2.34,2.34,0.00,0.00,0.00,2.34,0.00,0,0,121,780,2660
8378563200,01-05-2016,11419,9.06,9.06,0.00,6.03,0.56,2.47,0.00,71,10,127,669,3369
8378563200,02-05-2016,6064,4.81,4.81,2.09,0.63,0.17,4.01,0.00,63,4,142,802,3491
8378563200,03-05-2016,8712,6.91,6.91,2.25,1.34,1.06,4.50,0.00,71,20,195,822,3784
8378563200,04-05-2016,7875,6.24,6.24,0.00,1.56,0.49,4.20,0.00,19,10,167,680,3110
8378563200,05-05-2016,8567,6.79,6.79,2.25,0.89,0.16,5.74,0.00,66,3,214,764,3783
8378563200,06-05-2016,7045,5.59,5.59,2.09,1.55,0.25,3.78,0.00,74,5,166,831,3644
8378563200,07-05-2016,4468,3.54,3.54,0.00,0.00,0.00,3.54,0.00,0,0,158,851,2799
8378563200,08-05-2016,2943,2.33,2.33,0.00,0.00,0.00,2.33,0.00,0,0,139,621,2685
8378563200,09-05-2016,8382,6.65,6.65,2.09,1.27,0.66,4.72,0.00,71,13,171,772,3721
8378563200,10-05-2016,6582,5.22,5.22,2.25,0.66,0.64,3.92,0.00,63,13,152,840,3586
8378563200,11-05-2016,9143,7.25,7.25,2.09,1.39,0.59,5.27,0.00,72,10,184,763,3788
8378563200,12-05-2016,4561,3.62,3.62,0.00,0.65,0.27,2.69,0.00,8,6,102,433,1976
8583815059,12-04-2016,5014,3.91,3.91,0.00,0.00,0.33,3.58,0.00,0,7,196,1237,2650
8583815059,13-04-2016,5571,4.35,4.35,0.00,0.15,0.97,3.23,0.00,2,23,163,1252,2654
8583815059,14-04-2016,3135,2.45,2.45,0.00,0.00,0.00,2.43,0.00,0,0,134,1306,2443
8583815059,15-04-2016,3430,2.68,2.68,0.00,0.00,0.00,0.90,0.00,0,0,65,1375,2505
8583815059,16-04-2016,5319,4.15,4.15,0.00,0.00,0.00,0.00,0.00,0,0,0,1440,2693
8583815059,17-04-2016,3008,2.35,2.35,0.00,0.00,0.00,0.00,0.00,0,0,0,1440,2439
8583815059,18-04-2016,3864,3.01,3.01,0.00,0.31,1.06,1.35,0.00,4,22,105,1309,2536
8583815059,19-04-2016,5697,4.44,4.44,0.00,0.53,0.48,3.44,0.00,7,10,166,1257,2668
8583815059,20-04-2016,5273,4.11,4.11,0.00,0.00,1.04,3.07,0.00,0,27,167,1246,2647
8583815059,21-04-2016,8538,6.66,6.66,0.00,2.63,1.02,3.01,0.00,35,18,158,1229,2883
8583815059,22-04-2016,8687,6.78,6.78,0.00,0.29,2.41,4.08,0.00,4,54,212,1170,2944
8583815059,23-04-2016,9423,7.35,7.35,0.00,0.53,2.03,4.75,0.00,7,44,238,1151,3012
8583815059,24-04-2016,8286,6.46,6.46,0.00,0.15,2.05,4.27,0.00,2,44,206,1188,2889
8583815059,25-04-2016,4503,3.51,3.51,0.00,1.47,0.24,1.81,0.00,18,6,122,1294,2547
8583815059,26-04-2016,10499,8.19,8.19,0.00,0.07,4.22,3.89,0.00,1,91,214,1134,3093
8583815059,27-04-2016,12474,9.73,9.73,0.00,6.60,0.27,2.87,0.00,77,5,129,1229,3142
8583815059,28-04-2016,6174,4.82,4.82,0.00,0.00,1.20,3.61,0.00,0,28,203,1209,2757
8583815059,29-04-2016,15168,11.83,11.83,0.00,3.90,3.00,4.92,0.00,46,67,258,1069,3513
8583815059,30-04-2016,10085,7.87,7.87,0.00,0.15,1.28,6.43,0.00,2,28,317,1093,3164
8583815059,01-05-2016,4512,3.52,3.52,0.00,0.78,0.12,2.04,0.00,10,2,117,1311,2596
8583815059,02-05-2016,8469,6.61,6.61,0.00,0.00,0.00,0.00,0.00,0,0,0,1440,2894
8583815059,03-05-2016,12015,9.37,9.37,0.00,0.00,0.00,0.00,0.00,0,0,0,1440,3212
8583815059,04-05-2016,3588,2.80,2.80,0.00,0.00,0.00,0.00,0.00,0,0,0,1440,2516
8583815059,05-05-2016,12427,9.69,9.69,0.00,0.00,0.00,1.18,0.00,0,0,70,1370,3266
8583815059,06-05-2016,5843,4.56,4.56,0.00,0.14,1.19,3.23,0.00,2,22,166,1250,2683
8583815059,07-05-2016,6117,4.77,4.77,0.00,0.00,0.00,4.77,0.00,0,0,250,1190,2810
8583815059,08-05-2016,9217,7.19,7.19,0.00,0.22,3.31,3.66,0.00,3,72,182,1183,2940
8583815059,09-05-2016,9877,7.70,7.70,0.00,5.76,0.17,1.73,0.00,66,4,110,1260,2947
8583815059,10-05-2016,8240,6.43,6.43,0.00,0.69,2.01,3.72,0.00,9,43,162,1226,2846
8583815059,11-05-2016,8701,6.79,6.79,0.00,0.37,3.24,3.17,0.00,5,71,177,1106,2804
8583815059,12-05-2016,0,0.00,0.00,0.00,0.00,0.00,0.00,0.00,0,0,0,1440,0
8792009665,12-04-2016,2564,1.64,1.64,0.00,0.00,0.00,1.64,0.00,0,0,116,831,2044
8792009665,13-04-2016,1320,0.84,0.84,0.00,0.00,0.00,0.84,0.00,0,0,82,806,1934
8792009665,14-04-2016,1219,0.78,0.78,0.00,0.00,0.00,0.78,0.00,0,0,84,853,1963
8792009665,15-04-2016,2483,1.59,1.59,0.00,0.00,0.00,1.59,0.00,0,0,126,937,2009
8792009665,16-04-2016,244,0.16,0.16,0.00,0.00,0.00,0.16,0.00,0,0,12,1428,1721
8792009665,17-04-2016,0,0.00,0.00,0.00,0.00,0.00,0.00,0.00,0,0,0,1440,1688
8792009665,18-04-2016,0,0.00,0.00,0.00,0.00,0.00,0.00,0.00,0,0,0,1440,1688
8792009665,19-04-2016,0,0.00,0.00,0.00,0.00,0.00,0.00,0.00,0,0,0,1440,1688
8792009665,20-04-2016,3147,2.01,2.01,0.00,0.00,0.28,1.74,0.00,0,10,139,744,2188
8792009665,21-04-2016,144,0.09,0.09,0.00,0.00,0.00,0.09,0.00,0,0,9,1431,1720
8792009665,22-04-2016,4068,2.60,2.60,0.00,0.05,0.28,2.27,0.00,1,20,195,817,2419
8792009665,23-04-2016,5245,3.36,3.36,0.00,0.16,0.44,2.75,0.00,8,45,232,795,2748
8792009665,24-04-2016,400,0.26,0.26,0.00,0.04,0.05,0.16,0.00,3,8,19,1410,1799
8792009665,25-04-2016,0,0.00,0.00,0.00,0.00,0.00,0.00,0.00,0,0,0,1440,1688
8792009665,26-04-2016,1321,0.85,0.85,0.00,0.00,0.00,0.85,0.00,0,0,80,1360,1928
8792009665,27-04-2016,1758,1.13,1.13,0.00,0.00,0.00,1.13,0.00,0,0,112,900,2067
8792009665,28-04-2016,6157,3.94,3.94,0.00,0.00,0.00,3.94,0.00,0,0,310,714,2780
8792009665,29-04-2016,8360,5.35,5.35,0.00,0.14,0.28,4.93,0.00,6,14,380,634,3101
8792009665,30-04-2016,7174,4.59,4.59,0.00,0.33,0.36,3.91,0.00,10,20,301,749,2896
8792009665,01-05-2016,1619,1.04,1.04,0.00,0.00,0.00,1.04,0.00,0,0,79,834,1962
8792009665,02-05-2016,1831,1.17,1.17,0.00,0.00,0.00,1.17,0.00,0,0,101,916,2015
8792009665,03-05-2016,2421,1.55,1.55,0.00,0.00,0.00,1.55,0.00,0,0,156,739,2297
8792009665,04-05-2016,2283,1.46,1.46,0.00,0.00,0.00,1.46,0.00,0,0,129,848,2067
8792009665,05-05-2016,0,0.00,0.00,0.00,0.00,0.00,0.00,0.00,0,0,0,1440,1688
8792009665,06-05-2016,0,0.00,0.00,0.00,0.00,0.00,0.00,0.00,0,0,0,1440,1688
8792009665,07-05-2016,0,0.00,0.00,0.00,0.00,0.00,0.00,0.00,0,0,0,1440,1688
8792009665,08-05-2016,0,0.00,0.00,0.00,0.00,0.00,0.00,0.00,0,0,0,1440,1688
8792009665,09-05-2016,0,0.00,0.00,0.00,0.00,0.00,0.00,0.00,0,0,0,1440,1688
8792009665,10-05-2016,0,0.00,0.00,0.00,0.00,0.00,0.00,0.00,0,0,0,48,57
8877689391,12-04-2016,23186,20.40,20.40,0.00,12.22,0.34,7.82,0.00,85,7,312,1036,3921
8877689391,13-04-2016,15337,9.58,9.58,0.00,3.55,0.38,5.64,0.00,108,18,216,1098,3566
8877689391,14-04-2016,21129,18.98,18.98,0.00,10.55,0.59,7.75,0.02,68,13,298,1061,3793
8877689391,15-04-2016,13422,7.17,7.17,0.00,0.05,0.05,7.01,0.01,106,1,281,1052,3934
8877689391,16-04-2016,29326,25.29,25.29,0.00,13.24,1.21,10.71,0.00,94,29,429,888,4547
8877689391,17-04-2016,15118,8.87,8.87,0.00,0.00,0.07,8.79,0.00,58,15,307,1060,3545
8877689391,18-04-2016,11423,8.67,8.67,0.00,2.44,0.27,5.94,0.00,29,5,191,1215,2761
8877689391,19-04-2016,18785,17.40,17.40,0.00,12.15,0.18,5.03,0.00,82,13,214,1131,3676
8877689391,20-04-2016,19948,18.11,18.11,0.00,11.02,0.69,6.34,0.00,73,19,225,1123,3679
8877689391,21-04-2016,19377,17.62,17.62,0.00,12.29,0.42,4.89,0.00,82,13,226,1119,3659
8877689391,22-04-2016,18258,16.31,16.31,0.00,10.23,0.03,5.97,0.05,61,2,236,1141,3427
8877689391,23-04-2016,11200,7.43,7.43,0.00,0.00,0.00,7.40,0.01,102,6,300,1032,3891
8877689391,24-04-2016,16674,15.74,15.74,0.00,11.01,0.01,4.69,0.00,64,1,227,1148,3455
8877689391,25-04-2016,12986,8.74,8.74,0.00,2.37,0.07,6.27,0.01,113,8,218,1101,3802
8877689391,26-04-2016,11101,8.43,8.43,0.00,1.76,0.13,6.50,0.00,22,3,258,1157,2860
8877689391,27-04-2016,23629,20.65,20.65,0.00,13.07,0.44,7.10,0.00,93,8,235,1104,3808
8877689391,28-04-2016,14890,11.30,11.30,0.00,4.93,0.38,5.97,0.00,58,8,231,1143,3060
8877689391,29-04-2016,9733,7.39,7.39,0.00,1.38,0.17,5.79,0.00,18,5,210,1207,2698
8877689391,30-04-2016,27745,26.72,26.72,0.00,21.66,0.08,4.93,0.00,124,4,223,1089,4398
8877689391,01-05-2016,10930,8.32,8.32,0.00,3.13,0.57,4.57,0.00,36,12,166,1226,2786
8877689391,02-05-2016,4790,3.64,3.64,0.00,0.00,0.00,3.56,0.00,0,0,105,1335,2189
8877689391,03-05-2016,10818,8.21,8.21,0.00,1.39,0.10,6.67,0.01,19,3,229,1189,2817
8877689391,04-05-2016,18193,16.30,16.30,0.00,10.42,0.31,5.53,0.00,66,8,212,1154,3477
8877689391,05-05-2016,14055,10.67,10.67,0.00,5.46,0.82,4.37,0.00,67,15,188,1170,3052
8877689391,06-05-2016,21727,19.34,19.34,0.00,12.79,0.29,6.16,0.00,96,17,232,1095,4015
8877689391,07-05-2016,12332,8.13,8.13,0.00,0.08,0.96,6.99,0.00,105,28,271,1036,4142
8877689391,08-05-2016,10686,8.11,8.11,0.00,1.08,0.20,6.80,0.00,17,4,245,1174,2847
8877689391,09-05-2016,20226,18.25,18.25,0.00,11.10,0.80,6.24,0.05,73,19,217,1131,3710
8877689391,10-05-2016,10733,8.15,8.15,0.00,1.35,0.46,6.28,0.00,18,11,224,1187,2832
8877689391,11-05-2016,21420,19.56,19.56,0.00,13.22,0.41,5.89,0.00,88,12,213,1127,3832
8877689391,12-05-2016,8064,6.12,6.12,0.00,1.82,0.04,4.25,0.00,23,1,137,770,1849
