"z","y","x","ax","ay","az","gx","gy","gz","b","c"
358,0,-4,0.05,0.93,9.74,7.16,21.49,250.72,2.56,482
358,0,-4,-0.07,0.89,9.69,0,28.65,57.31,2.56,482
358,0,-4,-0.33,0.83,9.73,0,42.98,-232.81,2.57,482
358,0,-4,0,0.9,9.73,0,-42.98,265.04,2.56,482
358,0,-4,0.23,0.87,9.74,7.16,0,-42.98,2.56,482
358,0,-4,-0.21,0.82,9.73,-3.58,7.16,-121.78,2.56,482
358,0,-4,-0.02,0.83,9.75,-3.58,-17.91,118.19,2.57,482
358,0,-4,0.09,0.86,9.75,-3.58,-17.91,89.54,2.56,482
358,0,-4,0.04,0.81,9.74,-10.74,14.33,-35.82,2.56,482
358,0,-4,-0.04,0.83,9.73,-17.91,21.49,-57.31,2.56,482
358,0,-4,-0.02,0.82,9.74,10.74,-3.58,21.49,2.57,482
358,0,-4,0.02,0.81,9.75,-3.58,3.58,28.65,2.56,482
358,0,-4,0,0.86,9.7,-3.58,3.58,-28.65,2.57,482
358,0,-4,-0.01,0.85,9.74,0,7.16,-10.74,2.56,482
358,0,-4,0.01,0.82,9.74,-7.16,21.49,14.33,2.56,482
358,0,-4,0.01,0.83,9.71,0,0,-7.16,2.57,482
358,0,-4,-0.01,0.81,9.75,-7.16,-3.58,-17.91,2.56,482
358,0,-4,0,0.84,9.7,7.16,7.16,10.74,2.56,482
358,0,-4,0,0.86,9.72,-3.58,-3.58,7.16,2.56,482
358,0,-4,0,0.84,9.74,-7.16,3.58,-7.16,2.56,482
358,0,-4,0,0.84,9.74,3.58,0,3.58,2.56,482
358,0,-4,-0.11,6.8,10.48,-114.61,-14.33,-100.29,2.56,482
358,0,-4,-0.01,7.29,10.25,-702.01,-182.66,-891.83,2.56,483
358,0,-3,6.88,4.56,9.67,-1489.97,383.24,-744.99,2.56,483
359,0,-2,1.12,2.05,9.5,-1923.35,1221.35,-2550.14,2.56,483
1,-1,-1,0.79,0.19,9.34,-2045.13,1407.59,-4262.18,2.56,483
5,-2,0,1.09,-0.42,9.37,-2034.38,1500.72,-4645.42,2.56,483
8,-3,1,2.2,-3.96,9.16,-1561.6,1794.41,-5397.56,2.56,483
11,-4,2,-4.84,-1.92,9.43,-1253.58,2037.97,-9061.6,2.56,483
19,-5,3,0.19,-3.61,9.32,-823.78,1991.4,-13696.28,2.56,483
31,-5,5,-1.9,-3.62,9.4,-383.24,2292.26,-18946.99,2.56,483
44,-6,6,-1.14,-2.25,9.52,-78.8,2163.32,-20651.86,2.56,483
55,-5,7,-0.28,-0.33,9.67,-218.48,1909.03,-19315.9,2.57,483
67,-5,9,1.57,-0.77,9.57,-505.01,1679.8,-16966.33,2.56,483
79,-4,10,1.42,-4.68,9.24,-734.24,2174.07,-17274.36,2.56,483
92,-3,12,-0.73,-2.21,9.46,-583.81,2131.09,-20791.55,2.56,483
104,-1,12,0.48,-2.64,9.26,-587.39,2478.51,-25225.64,2.57,483
121,0,13,-1.01,-2.6,9.34,-644.7,2299.43,-25605.3,2.56,483
137,2,13,0.31,-1.53,9.55,-884.67,1550.86,-20680.52,2.56,483
148,4,13,2.62,-0.9,9.47,-1088.83,1056.59,-15189.83,2.56,483
155,5,13,4.53,-4.56,8.95,-902.58,941.98,-11081.66,2.56,483
162,6,13,4.49,-4.57,8.98,-562.32,1257.16,-10157.59,2.56,483
169,7,12,4.4,-3.86,9.02,-272.21,1844.56,-10551.58,2.56,483
176,6,10,-0.98,1.23,11.26,938.4,727.08,-9409.03,2.56,483
183,6,9,0.26,-0.97,9.64,179.08,576.65,-9265.76,2.56,483
193,8,11,3.27,-1.23,9.91,-2936.96,-46.56,-1361.03,2.56,484
194,8,13,4.23,-2.03,8.69,-3979.23,501.43,-2893.98,2.56,484
207,10,22,1.17,-4.95,8.19,-5927.65,537.25,-6479.23,2.56,484
211,11,25,1.67,-5.18,7.84,-6121.06,10.74,-4301.58,2.56,484
214,12,29,2.12,-4.95,6.97,-6260.75,-207.74,-2879.66,2.56,484
216,13,33,2.36,-4.51,6.87,-6525.79,-132.52,-2739.97,2.56,484
218,14,36,2.29,-5.38,6.56,-6751.43,-50.14,-3950.57,2.56,484
221,16,40,3.29,-6.64,7.03,-6851.72,-64.47,-3728.51,2.56,484
225,18,44,3.6,-8.14,7.17,-6783.67,107.45,-3477.79,2.56,484
228,19,48,4.18,-7.61,7.88,-6586.68,390.4,-3008.6,2.56,484
232,21,51,2,-7,7.61,-6751.43,712.75,-6264.33,2.56,484
236,24,54,1.64,-5.51,7.25,-7292.26,132.52,-4659.74,2.56,484
241,26,59,7.17,-0.68,6.97,-7929.8,-214.9,-4383.95,2.56,484
250,32,63,4.96,-4.11,5.31,-9283.67,383.24,-15007.16,2.56,484
261,40,67,1.94,-4.61,4.41,-9738.54,-1350.29,-9477.08,2.56,484
266,43,72,1.06,-7,2.98,-9885.39,-2700.57,-1357.45,2.56,484
268,43,80,1.54,-7.13,0.98,-9484.24,-3090.97,2310.17,2.57,484
266,39,88,2.7,-3.77,-1.24,-8714.18,-2643.27,7048.71,2.56,484
267,37,95,4.63,-9.91,-1.39,-7184.81,-1221.35,-605.3,2.57,484
269,37,98,6.29,-8.49,-4.29,-4921.2,-404.73,2947.71,2.56,484
270,36,101,14.15,-9.56,-3.55,-3416.91,1124.64,-630.37,2.57,484
273,37,101,9.09,-9.35,-2.44,-1085.24,3664.04,-479.94,2.56,484
275,37,99,5.05,-8.52,-2.74,128.94,3832.38,2428.37,2.56,484
275,36,97,6.09,-7.46,-1.28,286.53,3556.59,1532.95,2.56,485
277,36,95,6.58,-6.09,-0.87,-505.01,3126.79,-304.44,2.56,485
279,36,95,6.84,-5.61,-0.69,-2023.64,2417.62,-1737.11,2.56,485
283,38,96,5.7,-8.04,-2.41,-2707.74,1608.17,-1042.26,2.56,485
284,38,97,5.45,-7.84,-2.54,-1812.32,1214.18,143.27,2.56,485
286,38,97,4.36,-8.8,-1.39,-544.41,1307.31,-14.33,2.57,485
285,37,95,6.19,-10.94,-1.34,1518.62,1636.82,1515.04,2.56,485
284,36,92,9,-8.05,-1.05,3635.39,2614.61,3119.63,2.57,485
282,34,89,3.93,-1.46,3.7,4032.95,3065.9,2238.54,2.56,485
281,33,85,5.14,-8.93,1.2,2858.17,2840.26,1378.94,2.57,485
281,32,83,8.53,-7.64,2.43,1142.55,2091.69,-784.38,2.57,485
283,33,82,7.59,-6.05,2.42,-1665.47,1497.13,-2568.05,2.57,485
286,34,84,6.44,-7.2,-0.95,-4659.74,139.68,-2048.71,2.56,485
289,36,88,5.94,-5.24,-2.82,-6421.92,-920.49,-3513.61,2.56,485
294,39,94,5.73,-7.22,-2.87,-8044.41,-2267.19,-3044.41,2.56,485
299,41,101,7.34,-8.41,-3.08,-8026.5,-2983.52,-3108.88,2.56,485
302,42,106,6.43,-8,-2.47,-6880.37,-2868.91,-2288.68,2.56,485
305,42,113,6.31,-7.17,-1.99,-5859.6,-2585.96,-472.78,2.56,485
307,41,117,5.39,-5.85,-1.52,-4480.66,-1590.26,-608.88,2.57,485
308,41,120,3.71,-5.94,-1.94,-2951.29,-694.84,1658.31,2.57,485
308,40,120,3.21,-6.26,-0.56,-809.46,558.74,1762.18,2.56,485
307,39,119,2.67,-7.07,-0.95,1024.36,1292.98,3194.84,2.57,485
304,36,115,4.39,-9.1,-2.21,3828.8,2016.48,5225.64,2.57,485
298,33,109,7.3,-7.69,-3.54,6916.19,2729.23,7070.2,2.56,485
293,31,103,6.17,-8.72,-3.16,9337.39,3814.47,4781.52,2.56,485
289,28,95,3.73,-10.55,-2.83,10956.3,4111.75,5003.58,2.56,485
283,23,85,1.2,-10.75,-2.58,13137.54,2757.88,7686.25,2.56,485
274,17,76,0.4,-11.92,-1.43,13581.66,218.48,9491.4,2.57,486
268,13,70,1.84,-7.92,3.01,12299.43,-2023.64,8925.5,2.56,486
260,8,62,14.68,-5.68,4.53,11464.9,-1801.58,7170.49,2.56,486
257,6,58,7.17,-6.08,6.01,7023.64,558.74,3463.47,2.56,486
255,3,54,-1.37,-6.7,7.6,4878.22,662.61,4118.91,2.56,486
254,2,52,0.79,-8.18,6.97,3452.72,257.88,308.02,2.56,486
254,2,50,0.82,-4.93,9.07,1013.61,408.31,-132.52,2.56,486
254,2,51,0.64,-4.43,6.64,-3244.99,816.62,-1357.45,2.56,486
258,4,58,0.42,-8.83,4.21,-6332.38,494.27,-2345.99,2.56,486
260,5,62,0.18,-9.17,4.21,-5340.26,505.01,-1747.85,2.56,486
261,6,64,0.03,-9.53,4.23,-3030.09,393.98,-1468.48,2.56,486
262,6,65,2.46,-9.72,4,-257.88,429.8,-297.28,2.57,486
262,6,65,1.69,-9.7,3.77,2800.86,952.72,920.49,2.54,486
262,5,62,0.78,-9.05,4.66,5161.17,1113.9,1393.27,2.56,486
261,4,57,1.43,-9.65,4.86,7041.55,992.12,1708.45,2.56,486
259,2,52,1.04,-7.38,5.57,7804.44,934.81,2252.87,2.57,486
258,1,48,0.5,-6.65,7.05,7804.44,823.78,2947.71,2.56,486
261,0,45,6.82,-15.2,-6.06,-14545.13,17786.53,-2600.29,2.56,486
260,0,47,-1.84,-6.47,7.4,451.29,-354.58,562.32,2.56,486
260,0,48,-0.21,-6.15,8.94,-1758.6,-834.53,-1117.48,2.56,486
260,1,49,0.07,-5.69,7.9,-4720.63,-1232.09,-2542.98,2.57,486
262,3,53,1.96,-5.14,5.53,-7113.18,-1661.89,-4491.4,2.56,486
266,7,59,4.28,-6.51,4.65,-9917.62,-2102.44,-5727.08,2.56,486
270,11,66,4.15,-8.59,1.75,-11522.21,-2285.1,-6540.11,2.56,486
273,15,72,7.53,-8.02,0.44,-11880.37,-2048.71,-7181.23,2.56,486
281,21,80,3.78,-7.95,0.13,-11357.45,-1429.08,-11572.35,2.56,486
291,29,88,4.01,-8.72,-0.5,-10254.3,-1998.57,-11694.13,2.56,487
299,36,95,-1.22,-7.24,-1.57,-8638.97,-2915.47,-7768.62,2.56,487
303,38,101,1.32,-6.83,-0.49,-7091.69,-4015.04,-2191.98,2.57,487
305,39,107,6.21,-11.33,0.13,-5343.84,-3499.28,-1561.6,2.56,487
305,38,111,6.83,-13.6,-2.65,-2700.57,-2446.28,1937.68,2.56,487
303,36,111,16.25,-19.96,-7.02,1332.38,-623.21,3853.87,2.56,487
299,33,108,0.07,-5.59,-6.2,4151.15,784.38,5662.61,2.57,487
295,31,105,7.13,-4.45,-3.86,3993.55,945.56,616.05,2.56,487
295,32,103,4.65,-2.32,-0.38,487.11,404.73,-2510.74,2.56,487
298,34,106,1.74,-4.42,0,-3638.97,-1690.54,-2274.36,2.56,487
299,34,109,2.28,-5.81,-1.36,-5580.23,-3212.75,-1604.58,2.57,487
300,34,114,4.91,-7.13,-1.74,-5526.5,-3681.95,325.93,2.56,487
300,33,119,5.96,-8.47,-2.35,-3585.24,-2739.97,490.69,2.56,487
300,33,120,6.56,-8.49,-2.17,-290.11,-576.65,-1543.7,2.56,487
300,33,120,8.78,-9.18,-3.89,2532.23,981.38,1636.82,2.56,487
298,32,117,8.09,-8.6,-4.73,3957.74,2374.64,1808.74,2.56,487
298,32,112,6.75,-6.52,-3.04,3936.25,3277.22,304.44,2.56,487
299,34,109,2.39,-5.5,-1.31,1826.65,2743.55,-641.12,2.56,487
300,34,108,2.14,-6.56,-1.62,-146.85,1063.75,401.15,2.57,487
299,34,108,3.08,-7.78,-2.33,-673.35,204.15,207.74,2.56,487
298,33,109,5.69,-9.47,-4.29,-415.47,-533.67,1335.96,2.56,487
297,32,109,7.1,-10.06,-5.63,436.96,-383.24,795.13,2.56,487
296,32,108,6.69,-7.62,-3.97,956.3,93.12,-483.52,2.56,487
296,33,108,3.55,-5.69,-1.28,630.37,379.66,-1525.79,2.56,487
297,33,108,3.46,-5.02,0.47,-161.17,193.41,-300.86,2.56,487
297,33,108,3.93,-5.87,0.7,-236.39,222.06,1142.55,2.56,487
296,33,107,2.7,-5.55,0.72,1160.46,1049.43,-225.64,2.56,488
295,33,106,1.71,-6.18,0.54,2621.78,1153.3,1812.32,2.56,488
292,31,102,4.31,-6.91,-0.54,4928.37,1196.28,4025.79,2.56,488
288,28,97,3.18,-8.75,-1.58,6987.82,1991.4,3352.44,2.56,488
284,26,92,5.2,-10.44,-1.24,8735.67,2163.32,4982.09,2.56,488
280,23,85,1.91,-11.89,-0.83,9566.62,2532.23,4942.69,2.56,488
274,19,78,1.73,-10.9,1.18,10089.54,1568.77,6697.71,2.56,488
269,14,72,10.72,-10.05,3.68,10325.93,361.75,6694.13,2.56,488
266,11,67,4.87,-11.8,4.41,8449.14,2378.22,2589.54,2.56,488
264,8,61,-0.7,-9.99,4.09,7818.77,1751.43,5250.72,2.56,488
261,5,57,-1.74,-9.03,3.98,6858.88,1278.65,3921.92,2.56,488
258,2,52,1.7,-4.7,6.95,6095.99,641.12,3202.01,2.56,488
257,1,50,0.97,-7.37,8.03,4344.56,616.05,3359.6,2.56,488
257,1,47,-11.07,-38.89,12.05,-1321.63,300.86,-2274.36,2.56,488
256,0,48,-1.56,-12.16,4.31,-32.23,540.83,-419.05,2.56,488
256,0,48,-3.69,-6.14,11.59,-419.05,265.04,-1325.21,2.54,488
256,0,49,2.48,-5.5,7.34,-2474.93,-827.36,-1307.31,2.56,488
258,2,52,0.31,-4.81,7.41,-5841.69,-927.65,-3284.38,2.57,488
261,5,58,-1.22,-8.03,4.65,-9459.17,-1719.2,-6081.66,2.56,488
265,10,65,5.03,-8.74,0.91,-11952.01,-2711.32,-7808.02,2.57,488
270,15,71,4.78,-7.7,-0.86,-12947.71,-3334.53,-10723.5,2.56,488
279,23,80,2.63,-8.76,-2.54,-12936.96,-4043.7,-13069.48,2.56,488
289,33,90,0.99,-9.95,-3.65,-11797.99,-5798.71,-12102.44,2.56,488
295,38,101,5.53,-8.39,-1.89,-9724.21,-7507.16,-6740.69,2.56,488
298,40,109,4.59,-4.51,-0.88,-6515.04,-6364.61,-9251.43,2.56,488
302,42,118,10.69,-8.04,0.22,-4917.62,-6035.1,-3223.5,2.56,488
300,40,121,12.28,-9.25,-2.13,-2163.32,-2747.13,3202.01,2.56,488
297,38,120,4.12,-6.84,-1.3,1067.34,709.17,4774.36,2.56,489
294,36,118,3.25,-6.05,-5.09,2199.14,730.66,5272.21,2.56,489
291,33,115,5.88,-6.04,-3.88,2159.74,1088.83,2037.97,2.56,489
290,33,114,6.4,-4.85,-2.37,275.79,759.31,286.53,2.56,489
292,34,115,6.08,-6,-3.4,-1558.02,537.25,-1232.09,2.56,489
297,35,118,4.44,-7.91,-4.13,336.68,3.58,555.16,2.56,489
296,35,118,5.3,-7.3,-3.41,845.27,-236.39,637.54,2.56,489
293,34,116,5.76,-6.98,-3.19,325.93,-540.83,60.89,2.56,489
293,33,116,4.93,-6.84,-2.86,50.14,-598.14,-21.49,2.56,489
291,33,117,6.31,-7.21,-4.33,-132.52,-623.21,-96.7,2.56,489
291,33,117,6.25,-7.08,-4.38,-28.65,-544.41,-408.31,2.56,489
291,33,118,4.87,-6.01,-3.35,-35.82,-633.95,-651.86,2.56,489
290,33,118,4.64,-6.89,-4.55,-415.47,-1257.16,-42.98,2.56,489
289,32,119,6.63,-5.41,-7.39,-791.55,-1962.75,-530.09,2.56,489
289,32,121,4.78,-3.65,-8.86,-1833.81,-2800.86,-2174.07,2.56,489
290,32,124,1.6,-2.84,-10.97,-3076.65,-4065.19,-3595.99,2.56,489
291,32,130,2.34,-2.01,-11.95,-4702.72,-6633.24,-5132.52,2.56,489
291,31,138,5.07,-1.69,-11.46,-5984.96,-8681.95,-5612.46,2.55,489
21,30,145,7.99,-1.75,-7.03,-6658.31,-8746.42,-6758.6,2.56,489
16,28,153,13.74,-7.74,-0.38,-6618.91,-7349.57,-7919.05,2.56,490
12,26,160,22.04,-13.34,4.68,-5225.64,-3696.28,-4151.15,2.56,490
12,26,162,24.51,-18.73,5.11,-1855.3,2919.05,655.44,2.56,490
14,29,161,35.88,-19.15,1.31,3348.85,10619.63,5017.91,2.54,490
19,36,152,36.77,-20.09,-13.99,7994.27,17525.07,7260.03,2.56,490
316,47,133,37.74,-20.96,-32.36,15082.38,27682.66,2055.87,2.56,490
312,51,93,29.55,-17.24,-38.99,23255.73,34022.21,11464.9,2.56,490
311,44,60,-25.78,-0.37,-24.09,27091.69,36038.68,12546.56,2.57,490
296,20,37,0.61,1.75,-14.43,29828.08,19656.16,32414.04,2.56,490
280,4,18,11.05,-1.18,-17.3,30666.19,11532.95,16246.42,2.56,490
275,-3,-2,37.21,25.42,6.61,34734.96,12836.68,-9702.72,2.56,490
280,-13,-6,-16.69,-34.07,5.78,5343.84,12815.19,1153.3,2.57,490
280,-21,-12,-17.35,-11.21,0.75,8116.05,8323.78,3610.32,2.56,490
275,-22,-20,-11.51,0.42,2.49,8427.65,669.77,8828.8,2.56,490
272,-18,-26,-7.04,2.87,5.73,7009.31,-3463.47,5931.23,2.56,490
270,-15,-30,0.25,11.72,7.34,4197.71,-5361.75,6285.82,2.57,490
267,-10,-32,1.7,6.19,7.2,1790.83,-5383.24,4477.08,2.56,490
266,-5,-32,4.38,2.04,8.41,164.76,-4401.86,2285.1,2.56,490
266,-3,-32,-0.69,4.15,8.9,268.62,-3248.57,1830.23,2.56,490
265,-1,-33,3.1,3.22,7.08,340.26,-3040.83,2525.07,2.57,490
264,0,-33,4.12,6.15,9.12,727.08,-2052.29,712.75,2.56,490
264,1,-33,1.33,6.55,8.85,737.82,-648.28,401.15,2.56,490
264,1,-34,-0.19,6.74,7.91,268.62,-10.74,-7.16,2.56,490
264,1,-34,3.07,5.9,7.72,175.5,39.4,1762.18,2.56,490
263,1,-34,0.63,4.58,6.91,265.04,723.5,322.35,2.56,490
263,1,-34,0.08,7.29,7.74,268.62,716.33,1045.85,2.56,490
262,1,-34,-0.53,5.7,6.88,-96.7,569.48,927.65,2.56,490
261,2,-34,-0.42,6.16,7.01,-547.99,-200.57,2750.72,2.56,491
259,3,-33,0.32,6.22,7.07,-984.96,-558.74,1780.09,2.56,491
259,3,-32,-1.15,5.62,7.48,-1661.89,-813.04,354.58,2.56,491
259,4,-31,1.13,5.21,7.09,-2331.66,-1719.2,1919.77,2.56,491
258,5,-30,2.17,3.36,6.88,-2500,-1429.08,-1088.83,2.56,491
261,6,-28,0.24,5.21,7.45,-2439.11,-1275.07,-1439.83,2.56,491
263,6,-27,0.72,4.8,7.46,-2657.59,-1633.24,-444.13,2.56,491
263,7,-25,1.95,3.4,7.62,-2639.68,-1626.07,-211.32,2.56,491
265,8,-24,1.47,3.58,8.93,-2410.46,-1446.99,157.59,2.56,491
266,9,-22,5.11,4.83,9.05,-2285.1,-1346.7,512.18,2.56,491
267,9,-21,-1.47,2.55,9.7,-2048.71,32.23,-3724.93,2.56,491
268,9,-20,0.19,5.27,9.77,-2281.52,-709.17,1547.28,2.56,491
268,9,-18,0.68,2.89,9.76,-2406.88,-28.65,-1045.85,2.56,491
269,9,-17,-0.67,3.06,9,-2299.43,132.52,-759.31,2.56,491
269,9,-15,-0.34,3.73,8.71,-2385.39,-3.58,927.65,2.56,491
268,9,-13,1.97,2.48,9.24,-2564.47,57.31,1683.38,2.56,491
267,9,-12,3.08,3.51,10.11,-2639.68,669.77,1418.34,2.56,491
267,9,-10,2.92,2.46,10.04,-2664.76,1253.58,300.86,2.56,491
268,7,-9,0.05,0.47,9.63,-2320.92,1923.35,-3080.23,2.56,491
268,6,-7,0.17,-0.57,10.17,-2020.06,1027.94,1515.04,2.56,491
268,6,-6,1.59,-0.48,9.75,-988.54,949.14,1167.62,2.56,491
268,5,-6,0.63,-0.91,10.42,-286.53,945.56,623.21,2.56,491
268,5,-6,0.92,-0.84,10.33,415.47,494.27,2732.81,2.56,491
266,5,-6,1.15,0.66,10.45,1085.24,415.47,2675.5,2.56,491
265,5,-7,0.69,0.64,9.73,1547.28,379.66,1203.44,2.56,491
265,5,-8,0.63,1.35,9.32,1690.54,196.99,1310.89,2.57,491
264,5,-9,0.63,2.97,9.87,1593.84,-53.72,992.12,2.56,491
264,5,-10,0.84,2.36,10.16,1185.53,-100.29,282.95,2.56,492
264,5,-10,0.84,3.01,8.89,913.32,-257.88,-103.87,2.56,492
265,5,-11,-0.56,3.29,9.7,684.1,-286.53,-1468.48,2.57,492
266,5,-11,0.21,2.34,9.81,118.19,-888.25,-311.6,2.56,492
266,6,-11,2.72,2.48,9.23,-146.85,-1232.09,1242.84,2.56,492
266,7,-11,2.13,3.2,8.63,-143.27,-702.01,-1049.43,2.56,492
267,7,-11,1.25,2.86,8.76,-311.6,-752.15,-916.91,2.56,492
267,8,-11,1.15,3.38,8.94,-540.83,-988.54,-175.5,2.56,492
267,8,-10,2.44,2.02,8.54,-594.56,-977.79,-813.04,2.56,492
268,9,-10,1.33,1.71,8.31,-422.64,-838.11,-1418.34,2.56,492
269,9,-10,2.39,0.85,8.95,-386.82,-970.63,175.5,2.56,492
269,10,-10,3.14,2.08,8.94,-286.53,-644.7,250.72,2.56,492
269,10,-10,2.61,1.81,9.16,-261.46,-75.21,-1361.03,2.57,492
270,10,-10,1.63,2.34,9.5,-512.18,96.7,-490.69,2.56,492
270,10,-9,2.6,2.32,9.25,-702.01,232.81,-501.43,2.56,492
271,9,-9,1.82,1.78,8.98,-913.32,648.28,-1532.95,2.56,492
272,8,-8,1.34,0.93,8.51,-1045.85,752.15,-1640.4,2.56,492
273,8,-8,0.2,1.16,8.59,-1246.42,680.52,-1858.88,2.56,492
275,7,-7,-0.47,1.15,8.72,-1411.17,451.29,-2367.48,2.56,492
276,7,-6,0.22,0.75,8.45,-1590.26,-218.48,-1310.89,2.56,492
277,7,-5,-0.92,0.64,8.81,-1851.72,-845.27,-1815.9,2.56,492
278,8,-4,0.64,-0.01,8.02,-2023.64,-1694.13,68.05,2.56,492
278,9,-3,-0.43,1.6,7.89,-2127.51,-2045.13,-429.8,2.56,492
279,11,-1,0.4,1.37,7.48,-2582.38,-2879.66,-537.25,2.56,492
279,13,0,0.4,1.65,6.2,-3255.73,-3950.57,891.83,2.56,492
278,16,2,3.01,0.07,6.38,-3997.13,-4652.58,1475.64,2.56,492
277,19,5,5.05,-1.71,6.2,-4459.17,-4903.29,2195.56,2.56,493
276,22,9,4.76,-2.41,5.94,-4810.17,-4713.47,1515.04,2.56,493
276,25,13,5.61,-1.99,7.1,-5146.85,-4878.22,2088.11,2.56,493
275,27,17,6.64,-1.82,6.38,-5752.15,-4888.97,3162.61,2.56,493
274,29,22,5.97,-3.77,6.49,-6235.67,-4308.74,-200.57,2.56,493
275,32,27,5.6,-5.4,6.27,-6597.42,-4598.85,222.06,2.56,493
275,35,33,6.24,-5.35,6.21,-6916.19,-5057.31,1418.34,2.56,493
275,36,38,7.62,-6.59,4.9,-7335.24,-5404.73,1765.76,2.56,493
275,38,46,8.8,-10.09,3.43,-7360.32,-5472.78,1217.77,2.56,493
275,41,53,10.98,-8.24,4.17,-6826.65,-5340.26,-522.92,2.56,493
276,43,60,9.82,-6.72,3.97,-6901.86,-5179.08,-354.58,2.57,493
277,44,66,9.74,-5.83,3.38,-7510.75,-5225.64,-612.46,2.56,493
294,43,127,8.56,-5.54,-3.5,-9276.5,-3595.99,-1984.24,2.56,493
304,45,137,6,-5.9,-3.49,-7800.86,-2467.77,-8320.2,2.56,493
337,46,164,6.14,-3.54,-4.68,-4845.99,-1002.87,-4931.95,2.56,493
345,46,169,6.91,-2.48,-4.66,-4179.8,-780.8,-1808.74,2.56,493
352,46,173,7.52,-2.74,-5.88,-3334.53,-85.96,-2929.8,2.56,493
357,46,176,8.85,-1.75,-6.41,-2790.11,179.08,-368.91,2.56,493
0,46,177,8.25,-1,-7.27,-2414.04,655.44,494.27,2.56,493
3,47,178,6.16,-0.78,-7.49,-1916.19,1035.1,1131.81,2.56,494
4,47,178,7.07,0.61,-7.27,-1543.7,734.24,3621.06,2.56,494
4,48,177,6.93,1.09,-6.81,-1171.2,949.14,1636.82,2.56,494
5,48,176,5.36,0.01,-6.35,-1045.85,544.41,3030.09,2.56,494
4,48,174,5.86,-0.32,-6.18,-551.58,64.47,1332.38,2.56,494
4,48,174,6.01,-0.92,-6.57,-247.13,-590.97,1310.89,2.56,494
2,48,173,6.55,-1.73,-6.82,-93.12,-1092.41,2238.54,2.56,494
1,47,173,6.61,-0.76,-6.41,422.64,-1095.99,-533.67,2.56,494
1,46,173,5.61,-1.08,-6.27,426.22,-1189.11,-848.85,2.56,494
0,46,173,5.94,-1.19,-6.61,465.62,-1393.27,-1002.87,2.56,494
0,45,174,5.94,0.57,-6.41,537.25,-1300.14,-1590.26,2.56,494
9,44,175,5.74,2.2,-6.17,476.36,-906.16,-3119.63,2.56,494
6,44,177,7.28,1.65,-7.2,139.68,-691.26,-3223.5,2.56,494
5,44,179,9.92,-0.99,-8.83,157.59,75.21,-2718.48,2.56,494
3,44,-179,8.65,0.71,-8.8,354.58,734.24,-1192.69,2.56,494
2,45,179,8.41,0.25,-8.4,265.04,1085.24,1346.7,2.56,494
1,45,178,6.16,0.48,-6.68,329.51,1529.37,1067.34,2.56,494
0,46,178,4.9,0.13,-5.88,207.74,1343.12,1393.27,2.56,494
359,47,176,4.78,0.06,-5.59,96.7,970.63,1726.36,2.56,494
358,47,175,5.81,-0.73,-5.75,100.29,587.39,744.99,2.56,494
357,48,174,6.78,-1.27,-6.23,179.08,225.64,1633.24,2.56,494
355,47,173,7.13,-1.32,-6.2,476.36,207.74,1866.05,2.56,494
353,48,171,7.54,-1.17,-5.61,676.93,372.49,1314.47,2.56,494
351,48,170,9.07,-0.45,-5.2,802.29,709.17,770.06,2.56,494
349,48,169,10.44,-1.31,-5.55,866.76,1228.51,1067.34,2.56,494
347,49,167,9.7,-1.32,-5.71,952.72,1615.33,2037.97,2.56,494
344,50,164,8.94,-1.71,-5.64,988.54,1565.19,2772.21,2.56,495
341,50,161,7.24,-1.19,-5.08,949.14,1167.62,2772.21,2.56,495
339,50,158,6.23,-0.78,-4.62,612.46,393.98,2485.67,2.56,495
337,49,157,6.57,-1.2,-4.54,207.74,-268.62,2045.13,2.56,495
335,48,156,6.86,-1.12,-4.31,-361.75,-963.47,1704.87,2.56,495
334,47,155,7.42,-1.77,-4.64,-1078.08,-1482.81,2417.62,2.56,495
333,45,155,8.17,-2.91,-5.51,-1532.95,-1590.26,2539.4,2.56,495
333,44,155,6.94,-2.56,-5.9,-1715.62,-1429.08,2353.15,2.56,495
332,43,155,6.76,-2.75,-6.17,-1851.72,-1393.27,2790.11,2.56,495
332,41,155,6.12,-2.53,-6.89,-1894.7,-1239.26,2557.31,2.56,495
333,40,156,6.03,-2.36,-8.14,-1772.92,-974.21,1633.24,2.56,495
334,39,156,6.76,-3.33,-9.14,-1404.01,-476.36,-200.57,2.56,495
24,39,158,7.24,-3.09,-8.59,-938.4,-64.47,-916.91,2.56,495
23,40,158,7.08,-3.21,-7.23,-207.74,684.1,-999.28,2.56,495
338,41,158,4.73,-2.46,-5.55,666.19,1361.03,-100.29,2.56,495
337,41,157,4.03,-6.57,-4.26,1643.98,1837.39,594.56,2.56,495
335,43,155,3.13,-6.33,-5.13,3502.87,2553.72,-17.91,2.56,495
328,43,149,3.64,-6.01,-2.92,5239.97,2779.37,4992.84,2.56,495
318,42,140,4.82,-4.82,-2.44,7217.05,3151.86,8137.54,2.56,495
309,40,132,6.09,-4.46,-2.98,9068.77,3810.89,8739.25,2.56,495
300,38,121,3.36,-3.03,-0.08,10272.21,4781.52,5401.15,2.57,495
294,37,110,5.77,-7.21,-1.95,10519.34,5125.36,7242.12,2.56,495
286,32,99,9.45,-6.14,-1.49,11060.17,5780.8,7034.38,2.56,495
283,30,92,8.57,-10.16,-4.71,10974.21,6883.95,6189.11,2.56,495
280,25,82,6,-10.69,-2.35,11081.66,6704.87,6744.27,2.56,495
276,20,73,6.18,-10.73,-0.3,10616.05,5999.28,5515.76,2.56,495
274,16,65,4.03,-8.52,5.74,9803.01,4616.76,5698.42,2.56,495
271,12,61,0.13,-13.61,7.45,8399,3030.09,7009.31,2.56,496
266,7,56,-1.07,-5.46,10.92,6647.56,1031.52,7639.68,2.56,496
263,5,54,-1.21,-2.43,9.47,1597.42,-795.13,1762.18,2.56,496
263,6,55,5.8,-6.85,5.03,-4208.45,-2181.23,-1812.32,2.56,496
264,8,58,2.32,-7.65,2.76,-7808.02,-2414.04,-3291.55,2.56,496
266,11,64,2.06,-7.04,0.97,-9634.67,-2915.47,-3631.81,2.56,496
269,14,71,2.82,-6.26,0.39,-10333.09,-3062.32,-4154.73,2.56,496
271,17,78,3.45,-8.05,0.51,-8760.75,-1869.63,-2704.15,2.56,496
273,19,82,2.42,-13.51,1.94,-4623.93,-1099.57,-3617.48,2.56,496
274,20,84,7.18,-14.7,0.96,-254.3,-368.91,1239.26,2.56,496
272,18,81,4.92,-13.6,0.95,5770.06,2012.89,2464.18,2.56,496
271,16,74,2.83,-10.18,1.74,10709.17,3495.7,1973.5,2.56,496
270,14,68,1.46,-8.59,4.13,11113.9,3420.49,4090.26,2.56,496
267,10,61,2.17,-6.7,4.6,9874.64,2979.94,4548.71,2.56,496
264,7,55,1.14,-5.12,6.3,7768.62,2417.62,4147.56,2.56,496
263,5,51,-0.46,-9.31,3.91,5884.67,1937.68,2037.97,2.56,496
261,3,48,1.25,-4.52,6.55,4104.58,877.51,3069.48,2.56,496
260,1,46,-1.16,-3.81,8.53,1934.1,590.97,1794.41,2.56,496
259,1,47,-1.36,-2.87,8.61,-1672.64,-254.3,-239.97,2.56,496
260,2,49,-1.17,-4.1,6.03,-5368.91,-1418.34,-2374.64,2.56,496
261,4,53,1.22,-6.92,3.4,-7765.04,-1783.67,-3062.32,2.56,496
263,6,58,2.04,-10.47,3.08,-7596.71,-1747.85,-2335.24,2.56,496
264,7,62,3.45,-11.77,3.3,-4652.58,-934.81,-1364.61,2.56,496
264,8,63,2.2,-13.05,3.18,390.4,472.78,-662.61,2.56,496
265,8,61,2.41,-9.64,4.37,5139.68,1300.14,-136.1,2.56,496
265,7,57,2.08,-8.86,4.66,6658.31,1901.86,1472.06,2.56,496
263,5,52,0.89,-8.33,5.54,7439.11,2102.44,2947.71,2.56,497
262,2,48,-1.35,-5.06,7.31,6686.96,1608.17,2761.46,2.56,497
261,2,46,-12.65,-1.67,7.45,-7396.13,304.44,426.22,2.56,497
261,3,48,0.49,-7.24,6.93,-1486.39,-1146.13,1088.83,2.56,497
261,4,49,0.54,-7.27,7.14,-2969.2,-1575.93,-780.8,2.56,497
262,5,52,-1.22,-6,7.12,-5068.05,-2303.01,-1851.72,2.56,497
262,7,55,1.17,-5.98,5,-7489.25,-3578.08,-2800.86,2.56,497
264,10,61,3.08,-4.9,3.23,-8850.29,-3950.57,-4004.3,2.56,497
266,14,68,2.69,-6.85,1.4,-10257.88,-3835.96,-4280.09,2.56,497
268,17,75,4.73,-9.4,-0.96,-9709.89,-3506.45,-3796.56,2.56,497
270,20,80,6.7,-10.16,-0.78,-7166.91,-1905.44,-3022.92,2.56,497
273,22,84,5.27,-11.17,2.24,-4315.9,-39.4,-2936.96,2.56,497
275,22,85,5.05,-10.61,2.23,-422.64,1593.84,114.61,2.56,497
275,21,83,1.97,-10.73,0.41,2274.36,2553.72,2037.97,2.56,497
275,20,81,1.49,-7.58,2.61,3434.81,2363.9,1429.08,2.57,497
274,19,79,2.79,-6.9,2.86,2234.96,1536.53,1067.34,2.56,497
274,19,78,2.53,-7.64,2.39,139.68,522.92,408.31,2.56,497
274,19,79,3.45,-8.96,0.81,-1038.68,-157.59,-186.25,2.56,497
275,19,79,3.96,-8.4,1.22,-1181.95,-150.43,-637.54,2.56,497
275,19,80,3.47,-9.74,1.55,-988.54,50.14,-451.29,2.56,497
276,19,80,3.31,-8.84,2.39,17.91,372.49,236.39,2.56,497
276,19,80,2.61,-9.21,2.82,659.03,444.13,254.3,2.55,497
275,19,79,3.53,-8.52,1.84,938.4,368.91,730.66,2.56,497
275,18,78,2.64,-8.8,2.38,777.22,465.62,372.49,2.56,497
275,18,78,3.19,-8.96,2.18,404.73,207.74,487.11,2.56,497
274,17,78,1.77,-8.95,3.1,-551.58,-687.68,1683.38,2.56,497
273,17,79,1.88,-7.4,1.04,-2191.98,-1558.02,906.16,2.56,497
273,17,81,2.94,-5.26,1.83,-3302.29,-1586.68,-2134.67,2.56,498
275,19,84,6.04,-7.04,1.19,-3757.16,-1160.46,-2833.09,2.56,498
276,20,86,3.84,-12.32,0.54,-1350.29,139.68,-605.3,2.56,498
276,20,85,3.62,-12.82,-0.72,2969.2,1321.63,1558.02,2.56,498
275,18,82,3.47,-13.55,-1.48,6518.62,2234.96,2184.81,2.56,498
273,17,75,2.76,-10.01,0.24,9477.08,2951.29,2815.19,2.56,498
271,14,68,3.44,-6.16,4.27,9634.67,3151.86,3384.67,2.56,498
269,12,64,2.23,-8.75,4.87,8900.43,3184.1,3624.64,2.56,498
267,8,58,1.57,-6.03,5.71,7467.77,2922.64,4527.22,2.55,498
265,5,53,-1.2,-7.78,6,6994.99,2449.86,2725.64,2.56,498
264,3,49,-0.92,-7.75,8.1,5361.75,1536.53,2851,2.56,498
263,2,47,1.02,-3.46,7.77,2657.59,705.59,1869.63,2.56,498
262,1,46,-2.89,-6.71,8.47,60.89,340.26,1067.34,2.56,498
262,1,47,-1.35,-4.85,7.34,-2926.22,-1002.87,-1303.72,2.56,498
263,3,51,-1.04,-6.29,6.27,-5752.15,-2267.19,-3073.07,2.56,498
268,11,64,2.83,-9.66,1.09,-10598.14,-4455.59,-5633.95,2.56,498
272,17,72,2.33,-6.81,-0.48,-11905.44,-5214.9,-8868.2,2.56,498
293,37,112,5.57,-2.76,-1.29,-9462.75,-7492.84,709.17,2.56,498
292,34,118,9.62,-5.96,-2.08,-8775.07,-3108.88,5995.7,2.56,498
296,33,122,4.12,-6.89,-5.16,1633.24,3356.02,2020.06,2.56,498
297,34,119,2.58,-6.97,-4,2170.49,3649.71,93.12,2.56,499
298,35,117,2.26,-5.41,-2.77,1038.68,2431.95,-164.76,2.57,499
299,35,116,4.21,-6.16,-2.24,-336.68,1275.07,254.3,2.56,499
300,36,116,4.79,-5.76,-2.04,-1464.9,429.8,-651.86,2.55,499
302,36,117,6.2,-7.43,-3.51,-1762.18,-286.53,150.43,2.56,499
302,36,118,5.68,-7.8,-4.11,-906.16,-239.97,-35.82,2.56,499
302,36,119,5.64,-7.11,-4.03,279.37,-261.46,239.97,2.56,499
301,35,118,5.49,-6.69,-3.88,984.96,-182.66,204.15,2.56,499
300,35,117,5.43,-6.37,-3.41,1450.57,-161.17,612.46,2.55,499
299,35,116,5.39,-6.71,-3.11,1486.39,-146.85,46.56,2.56,499
298,35,116,4.49,-6.64,-2.85,1106.73,-426.22,544.41,2.57,499
296,34,115,5.54,-6.56,-2.94,716.33,-694.84,476.36,2.56,499
295,34,115,5.71,-6.82,-3.06,189.83,-770.06,68.05,2.56,499
295,34,116,6.38,-7.01,-3.5,-175.5,-684.1,-21.49,2.56,499
295,34,116,4.87,-7.32,-3.57,-333.09,-530.09,-196.99,2.56,499
294,34,116,5.37,-6.56,-3.58,-351,-608.88,-39.4,2.56,499
294,33,117,5.34,-7.18,-4.03,-340.26,-573.07,-68.05,2.56,499
294,33,117,5.72,-7.28,-4.17,-132.52,-565.9,114.61,2.56,499
294,33,117,5.52,-6.94,-3.77,204.15,-372.49,-426.22,2.56,499
294,33,118,5.2,-7.11,-3.88,351,-408.31,-573.07,2.56,499
293,33,118,5.1,-6.25,-3.26,404.73,-576.65,-501.43,2.56,499
293,34,118,5.38,-6.19,-3.12,247.13,-687.68,-856.02,2.56,499
293,34,118,6.06,-6.79,-3.58,150.43,-784.38,-666.19,2.56,499
293,34,118,5.9,-6.82,-3.78,207.74,-659.03,-1092.41,2.56,499
293,35,119,6.38,-7.09,-4.8,336.68,-698.42,-741.4,2.56,499
292,34,119,8.05,-5.85,-7.79,114.61,-1063.75,-608.88,2.56,499
292,35,120,9.51,-1.48,-13.22,-845.27,-2242.12,-2757.88,2.56,499
294,37,124,0.2,3.25,-16.81,-2550.14,-3753.58,-7944.13,2.56,500
299,39,133,-0.7,4.38,-15.92,-5651.86,-8295.13,-9953.44,2.56,500
304,38,145,10.59,0.6,-7.93,-8305.87,-11321.63,-7421.2,2.56,500
13,35,153,25.67,-5.45,4.37,-9154.73,-8284.38,-5734.24,2.56,500
10,33,163,39.03,-17.8,8.79,-8148.28,-2116.76,-6275.07,2.56,500
7,37,169,37.09,-22.31,3.91,-3330.95,10164.76,-6321.63,2.56,500
348,49,169,28.32,-27,-10.42,2811.6,20773.64,-3818.05,2.56,500
347,62,164,20.61,-29.79,-24.99,9738.54,28341.69,-891.83,2.55,500
338,77,115,11.46,-33.37,-35.76,15723.5,30827.36,7700.57,2.56,500
316,60,51,9.37,-19.6,-38.98,28169.77,26640.4,27628.94,2.56,500
289,37,31,13.08,6.21,-37.96,39068.77,17582.38,28574.5,2.56,500
269,25,18,17.6,20.24,-23.97,38105.3,4713.47,32836.68,2.56,500
245,20,4,22.42,-0.58,-1.35,25010.74,-1726.36,23295.13,2.57,500
232,23,-4,8,-1.31,13.71,18270.06,-1260.74,-5193.41,2.56,500
230,23,-13,2.19,1.41,9.86,11765.76,-573.07,3345.27,2.56,500
227,25,-17,4.5,-2.94,8.79,8703.44,-2149,7166.91,2.56,500
221,28,-21,7.41,1.54,7.98,7596.71,-2492.84,5526.5,2.56,500
220,29,-25,4.87,4.66,5.22,5107.45,-1371.78,1536.53,2.56,500
218,31,-27,2.66,2.37,6.79,2206.3,-1758.6,1891.12,2.56,500
217,32,-27,-0.82,2.04,5.55,1092.41,-3037.25,1210.6,2.56,500
216,35,-28,4.34,2.47,6.34,39.4,-4344.56,2654.01,2.56,500
215,38,-27,6.95,6.01,6.75,-1053.01,-3907.59,1740.69,2.56,500
216,41,-27,9.87,4.25,5.22,-2005.73,-2962.03,-193.41,2.56,500
217,41,-27,10.33,2.43,5.16,-2163.32,-1801.58,-1529.37,2.56,500
219,41,-27,8.94,0.14,4.31,-1572.35,-644.7,-1504.3,2.56,500
220,41,-27,8.58,0.65,4.31,-361.75,265.04,-802.29,2.56,500
220,41,-26,6.21,1.4,4.98,487.11,512.18,784.38,2.56,500
219,41,-26,5.5,3.57,5.03,891.83,573.07,530.09,2.56,501
218,41,-26,5.9,5.28,6.23,558.74,343.84,1880.37,2.56,501
216,42,-24,4.84,4.93,6.55,-315.19,121.78,3835.96,2.56,501
214,43,-22,8.23,6.95,6.95,-1103.15,-21.49,3467.05,2.56,501
214,42,-21,10.64,0.94,7.43,-1669.05,1633.24,-2944.13,2.56,501
215,41,-20,6.28,2.9,6.68,-1801.58,1887.54,-1651.15,2.56,501
216,39,-19,6.74,2.86,5.63,-2320.92,2184.81,419.05,2.56,501
217,37,-18,5.39,0.78,6.61,-2188.4,3184.1,-2879.66,2.56,501
218,35,-17,3.99,3.54,6.06,-2310.17,3244.99,-2478.51,2.56,501
221,33,-16,4.18,1.48,6.21,-2542.98,3058.74,-3051.58,2.56,501
222,30,-15,6.99,3.27,7.04,-2743.55,2851,-2267.19,2.56,501
225,28,-14,6.34,2.74,6.76,-2865.33,3252.15,-3857.45,2.56,501
227,26,-13,5.97,2.39,8.17,-3359.6,3212.75,-2901.15,2.56,501
229,23,-12,5.27,3.37,8.7,-3567.34,3338.11,-3456.3,2.56,501
232,20,-10,4.47,3.19,7.92,-4018.62,3287.97,-4512.89,2.56,501
236,18,-8,2.14,1.98,8.9,-4430.52,2754.3,-4315.9,2.56,501
238,16,-6,0,1.47,8.68,-4838.83,1572.35,-2553.72,2.56,501
239,16,-3,1.71,0.76,8.25,-5032.23,505.01,565.9,2.55,501
238,16,0,1.05,0.57,9.41,-4989.25,132.52,827.36,2.56,501
238,16,3,1.31,-1.3,8.54,-4931.95,-207.74,1393.27,2.56,501
237,16,6,2.3,-1.59,9.5,-4688.4,-522.92,3828.8,2.56,501
234,16,10,1.51,-2.69,10.1,-4448.42,-440.54,4147.56,2.56,501
231,15,14,2.04,-3.07,9.54,-4072.35,-644.7,6185.53,2.56,501
226,14,18,3.07,-2.41,10.21,-3728.51,-540.83,7926.22,2.55,501
223,13,20,3.86,-3.43,9.66,-3101.72,146.85,6171.2,2.56,501
219,11,23,3.19,-4.74,9.76,-2460.6,562.32,5318.77,2.55,501
216,10,25,2.57,-4.69,9.48,-1461.32,741.4,5078.8,2.56,502
213,8,26,1.56,-3.51,8.88,-533.67,820.2,3689.11,2.55,502
212,7,26,0.51,-3.49,9.22,204.15,716.33,1475.64,2.56,502
210,6,26,0.79,-3.73,9.13,451.29,200.57,2345.99,2.55,502
208,5,25,1.32,-2.83,9.2,859.6,-225.64,2396.13,2.56,502
207,5,25,0.16,-3.61,9.61,1210.6,-540.83,1346.7,2.55,502
206,5,24,-0.04,-2.77,8.72,1421.92,-1160.46,1468.48,2.56,502
205,6,23,1.64,-2.47,8.41,1353.87,-1776.5,2668.34,2.56,502
202,6,23,2.49,-2.39,8.42,1292.98,-2080.95,2786.53,2.56,502
201,7,22,2.88,-3.81,8.75,1361.03,-1837.39,1475.64,2.56,502
199,7,22,3.5,-2.85,8.72,1432.66,-1719.2,1715.62,2.56,502
198,8,21,3.22,-2.22,9.21,1382.52,-1493.55,1346.7,2.56,502
197,8,20,2.89,-2.56,8.87,1174.79,-1235.67,691.26,2.55,502
196,9,20,3.08,-2.47,8.84,931.23,-1203.44,1189.11,2.56,502
195,9,19,3.01,-2,9.25,752.15,-941.98,311.6,2.56,502
195,10,19,2.88,-2.48,9.64,544.41,-748.57,-60.89,2.56,502
194,10,19,3.12,-2.36,9.3,189.83,-712.75,913.32,2.55,502
194,11,18,3.06,-2.67,9.19,32.23,-393.98,125.36,2.56,502
194,11,18,2.39,-3.17,8.98,-57.31,-196.99,-111.03,2.57,502
194,12,18,2.69,-2.68,8.98,-50.14,-164.76,85.96,2.56,502
194,12,18,2.5,-2.56,8.89,-75.21,82.38,-390.4,2.56,502
195,12,18,2.55,-2.05,8.91,-89.54,329.51,-1035.1,2.56,502
196,12,18,2.35,-1.62,8.9,-300.86,515.76,-1257.16,2.56,502
197,12,18,2.15,-2.49,9.07,-458.45,673.35,-1883.95,2.56,502
198,12,18,2.08,-2.61,9.01,-558.74,780.8,-2123.93,2.56,502
200,11,18,1.75,-2.09,8.66,-741.4,805.87,-1615.33,2.56,502
201,11,19,1.27,-2.17,8.56,-924.07,863.18,-2331.66,2.56,502
203,11,19,1.09,-1.95,8.36,-1113.9,698.42,-2020.06,2.56,503
204,11,20,1.4,-1.61,8.4,-1486.39,444.13,-1733.52,2.56,503
206,12,20,1.62,-1.35,8.24,-1830.23,483.52,-3137.54,2.56,503
208,12,21,1.53,-0.72,7.6,-2331.66,447.71,-4631.09,2.56,503
212,13,22,1.06,-0.88,7.59,-2872.49,311.6,-6113.9,2.56,503
217,15,23,1.24,-1.79,7.43,-3732.09,-404.73,-6439.83,2.56,503
221,17,25,1.4,-2.68,6.65,-4634.67,-1472.06,-4828.08,2.56,503
224,19,27,2.11,-3.05,5.66,-5458.45,-2603.87,-3642.55,2.56,503
226,22,31,3.99,-3.66,4.9,-6106.73,-3359.6,-2997.85,2.56,503
228,25,35,5.08,-4.64,4.44,-6919.77,-4115.33,-1937.68,2.56,503
230,28,40,6.62,-5.55,3.71,-7381.81,-4401.86,-1987.82,2.56,503
231,30,45,8.17,-7.8,2.39,-7901.15,-4595.27,-716.33,2.55,503
232,33,52,8.88,-9.02,1.59,-7965.62,-4401.86,-619.63,2.56,503
234,35,58,8.59,-9.48,1.21,-7700.57,-4068.77,-1138.97,2.56,503
235,37,65,8.68,-9.66,0.63,-7765.04,-4043.7,132.52,2.57,503
236,37,70,8.63,-10.12,0.32,-7825.93,-3907.59,-222.06,2.55,503
237,38,78,7.38,-9.27,-0.48,-7919.05,-3871.78,78.8,2.57,503
238,38,85,7.24,-9.02,-1.4,-8230.66,-3961.32,-14.33,2.56,503
240,39,93,6.4,-8.81,-2.39,-8660.46,-4108.17,-257.88,2.57,503
241,38,99,7.66,-8.44,-3.65,-8982.81,-4036.53,-612.46,2.56,503
268,41,139,5.9,-6.37,-6.66,-7521.49,-3481.38,-6454.15,2.56,503
278,42,148,5.03,-4.71,-5.79,-6572.35,-3438.4,-7457.02,2.56,503
324,36,-178,7.67,1.28,-4.52,-4416.19,-2199.14,-4040.11,2.56,504
323,35,-175,6.96,0.95,-5.49,-4674.07,-1837.39,-2636.1,2.56,504
322,33,-167,4.02,-0.75,-6.83,-4047.28,-368.91,-4058.02,2.56,504
319,32,-163,8.77,4.94,-8.33,-3094.56,358.17,-5254.3,2.56,504
317,32,-159,0.63,4.21,-5.32,-3545.85,873.93,-2704.15,2.56,504
318,32,-157,6.56,4.04,-5.64,-3191.26,787.97,-1167.62,2.56,504
315,32,-153,4.33,1.54,-7.04,-2274.36,1454.15,-5805.87,2.56,504
313,31,-151,4.74,4.76,-7.64,-2048.71,383.24,85.96,2.56,504
314,32,-150,6.95,4.07,-7.21,-1450.57,562.32,-250.72,2.56,504
313,32,-148,5.05,3.99,-6.61,-637.54,984.96,-2159.74,2.55,504
312,31,-147,5.28,4.68,-6.37,-171.92,830.95,-1468.48,2.56,504
311,31,-147,6.04,6.57,-6.69,42.98,691.26,-820.2,2.56,504
310,32,-146,5.45,5.21,-6.82,150.43,795.13,-1128.22,2.56,504
32,32,-146,6.58,5.43,-6.56,454.87,830.95,-161.17,2.56,504
30,32,-146,4.5,5.06,-6.59,519.34,945.56,14.33,2.56,504
27,33,-146,4.2,5.68,-5.89,519.34,730.66,28.65,2.56,504
25,33,-147,5.04,5.72,-5.37,290.11,422.64,716.33,2.56,504
24,33,-147,4.76,5.36,-6.08,136.1,429.8,243.55,2.56,504
23,34,-147,5.52,4.71,-6.72,-50.14,315.19,730.66,2.57,504
21,34,-147,5.03,3.94,-7.12,-35.82,351,967.05,2.56,504
20,35,-147,3.71,4.04,-6.69,204.15,282.95,132.52,2.56,504
19,35,-148,3.05,4.37,-6.23,236.39,-196.99,737.82,2.56,504
18,35,-148,3.62,3.54,-5.72,265.04,-612.46,1035.1,2.56,504
17,35,-149,4.92,3.73,-5.34,300.86,-974.21,1769.34,2.55,505
308,35,-151,7.08,3.59,-5.86,333.09,-977.79,2893.98,2.56,505
310,36,-152,8.08,3.88,-6.82,462.03,-490.69,3305.87,2.56,505
311,36,-154,9.59,4.36,-7.94,537.25,261.46,3886.1,2.56,505
314,38,-156,7.49,5.07,-7.84,555.16,906.16,3975.64,2.55,505
316,40,-158,4.84,5.99,-6.64,383.24,1393.27,4133.24,2.56,505
359,42,-161,4.52,4.66,-5.08,-401.15,795.13,5601.72,2.55,505
356,43,-163,5.33,3.26,-5,-945.56,164.76,5666.19,2.56,505
354,44,-165,5.72,1.79,-5.64,-1289.4,-207.74,5308.02,2.55,505
354,44,-167,6.13,1.2,-5.98,-1615.33,-641.12,4541.55,2.56,505
353,44,-169,6.69,1.01,-5.7,-1876.79,-1164.04,4777.94,2.55,505
354,44,-171,6.75,1.15,-5.31,-1901.86,-1146.13,3212.75,2.56,505
338,43,-171,6.41,1.17,-5.48,-2016.48,-1224.93,3506.45,2.55,505
342,43,-173,6.76,1.53,-6.37,-2052.29,-1357.45,4835.24,2.56,505
346,42,-175,7.44,2.29,-7.78,-1912.61,-1117.48,5354.58,2.55,505
349,42,-177,5.93,2.25,-9.05,-1866.05,-924.07,5723.5,2.56,505
354,42,-179,5.94,0.8,-10.32,-1848.14,-906.16,5465.62,2.56,505
357,41,179,6.73,0,-10.15,-1536.53,-669.77,3742.84,2.56,505
359,41,178,5.48,-0.33,-9.13,-1110.32,-351,1715.62,2.56,505
0,40,178,4.88,0.15,-7.38,-963.47,-440.54,1117.48,2.56,505
1,40,178,5.13,-0.14,-7.22,-902.58,-451.29,655.44,2.56,505
1,40,178,5.96,0.19,-7.13,-637.54,-325.93,383.24,2.56,505
2,40,178,6.72,0.54,-7.63,-343.84,-28.65,977.79,2.56,505
2,40,178,7.22,0.78,-8.12,179.08,583.81,361.75,2.56,505
2,40,178,7.23,0.13,-8.68,501.43,884.67,483.52,2.56,505
2,41,177,6.7,0.14,-8.68,870.34,1174.79,275.79,2.55,505
2,42,176,7.01,-0.87,-8.23,974.21,1138.97,841.69,2.56,506
3,42,175,6.89,-1.56,-6.82,1232.09,1207.02,909.74,2.57,506
3,43,173,6.87,-2.16,-5.24,1461.32,1253.58,1085.24,2.56,506
346,44,171,5.96,-2.67,-3.35,1909.03,1429.08,770.06,2.55,506
342,45,168,5.26,-3.24,-2.31,2356.73,1246.42,2843.84,2.56,506
337,45,165,6.21,-3.53,-1.76,3051.58,1260.74,4620.34,2.57,506
330,45,159,6.8,-3.06,-1.66,3742.84,1679.8,5308.02,2.56,506
321,45,152,7.06,-3.09,-3.06,4781.52,2482.09,5902.58,2.56,506
312,44,144,7.32,-4.38,-4.03,6171.2,3531.52,6063.75,2.56,506
305,44,136,5.68,-4.35,-4.87,7585.96,4537.97,6909.03,2.56,506
296,42,125,6.24,-5.8,-5.35,8560.17,4820.92,8520.77,2.57,506
287,38,114,6.92,-5.09,-4.48,10032.24,5505.01,8005.01,2.56,506
281,36,103,8.56,-4.94,-4.48,10687.68,6486.39,6744.27,2.56,506
278,33,94,7.28,-8.98,-3.62,10648.28,7779.37,4598.85,2.56,506
275,29,84,8.33,-8.54,-1.49,10286.53,7589.54,7639.68,2.57,506
272,24,75,4.34,-9.36,0.2,9516.48,7252.87,6364.61,2.56,506
269,19,68,3.19,-11.07,4.12,8273.64,5659.03,5204.15,2.56,506
267,16,64,0.82,-9.02,8.01,5938.4,3560.17,4527.22,2.56,506
264,12,61,2.76,-7.76,6.54,2861.75,945.56,5014.33,2.56,506
262,10,61,3.46,-6.62,3.78,-1411.17,-272.21,1285.82,2.56,506
262,10,64,0.3,-5.47,4.94,-5605.3,-1515.04,676.93,2.56,506
261,11,68,1.72,-9.27,1.9,-7890.4,-2550.14,-1099.57,2.56,506
262,13,73,3.2,-8.29,1.85,-8112.46,-2603.87,-2593.12,2.56,506
265,16,79,3.92,-8.07,1.91,-6647.56,-1926.93,-5300.86,2.56,506
268,18,82,3.1,-12.28,1.81,-3724.93,-1138.97,-1722.78,2.57,506
268,19,83,4.65,-13.2,0.96,1550.86,168.34,999.28,2.55,506
267,18,80,3.97,-11.17,0.92,5111.03,1683.38,1998.57,2.56,506
265,16,74,3.7,-9.68,0.62,9337.39,3141.12,2657.59,2.57,507
263,13,67,2.1,-8.22,3.08,10730.66,3628.22,3320.2,2.56,507
262,10,62,2.33,-6.85,4.84,9835.24,3427.65,4520.06,2.55,507
259,7,55,-0.67,-7.01,6.06,8399,3356.02,3861.03,2.56,507
257,3,51,0.17,-7.62,5.76,6135.39,2474.93,4118.91,2.57,507
256,2,50,7.8,-18.94,-2.59,-5035.82,-111.03,-2790.11,2.57,507
256,2,50,1.19,-7.85,5.27,46.56,42.98,1124.64,2.55,507
255,2,50,1.08,-6.73,9.76,-186.25,-404.73,-505.01,2.57,507
256,2,51,-0.99,-6.52,8.17,-2012.89,-748.57,-845.27,2.56,507
256,3,54,0.56,-3.22,6.38,-4820.92,-1876.79,-1113.9,2.57,507
256,5,57,1.49,-5.74,4.89,-7342.41,-2048.71,-1787.25,2.56,507
257,6,62,2.23,-8.14,2.71,-7915.47,-1952.01,-1694.13,2.56,507
258,8,67,3.29,-10.34,1.41,-6378.94,-1131.81,-1207.02,2.56,507
258,8,70,1.04,-12.4,2.79,-2736.39,-193.41,-666.19,2.57,507
259,8,70,1.52,-11.11,3.1,1482.81,569.48,-35.82,2.56,507
259,8,68,4.02,-8.88,2.88,4527.22,1081.66,157.59,2.56,507
259,7,64,1.48,-9.65,3.19,6633.24,2059.46,1439.83,2.56,507
257,5,59,-0.16,-6.56,6.02,7317.34,1751.43,3488.54,2.56,507
256,3,55,0.44,-9.45,4.99,6833.81,1443.41,2356.73,2.56,507
254,1,51,-7,-10.15,18.68,6260.75,762.89,3753.58,2.56,507
253,0,50,-2.49,15.89,11.81,-2073.78,1518.62,2818.77,2.56,507
253,0,50,1.39,-7.3,6.59,-186.25,-1124.64,841.69,2.56,507
254,1,50,-0.04,-6.77,8.3,-1554.44,-1221.35,-648.28,2.56,507
254,2,52,-0.05,-6.43,8.18,-3237.82,-1704.87,-1063.75,2.56,507
255,4,55,1.65,-6.97,6.6,-5755.73,-2356.73,-3338.11,2.56,507
257,7,60,1.54,-7.28,4.69,-7876.07,-2016.48,-3699.86,2.56,507
259,10,65,3.74,-8.93,3.47,-9376.79,-3090.97,-5967.05,2.56,507
263,15,71,6.46,-8.42,2.31,-10128.94,-3513.61,-6174.79,2.54,508
268,20,79,2.35,-10.32,0.42,-10476.36,-3513.61,-8323.78,2.56,508
273,25,87,3.09,-9.56,-2.66,-10268.62,-4616.76,-5748.57,2.55,508
276,28,93,4.97,-3.99,-2.14,-9186.96,-4240.69,-8778.65,2.56,508
284,35,101,3.16,-3.47,-2.58,-8363.18,-4090.26,-10934.81,2.55,508
291,39,110,5.08,-4.13,-1.55,-7596.71,-4394.7,-7492.84,2.56,508
296,41,118,6.28,-5.03,-1.98,-6540.11,-3957.74,-3628.22,2.55,508
299,42,123,6.54,-7.37,-0.59,-4813.75,-2281.52,-2041.55,2.56,508
302,42,127,9.36,-10.97,-1,-3180.52,-1310.89,-1303.72,2.56,508
305,43,129,5.13,-10.98,-2.36,-35.82,974.21,-2310.17,2.56,508
303,43,127,10.88,-10.91,-4.42,2270.77,1207.02,4255.01,2.56,508
299,41,123,6.68,-6.59,-4.35,3399,1303.72,6722.78,2.56,508
294,38,118,6.04,-4.32,-3.6,3520.77,1586.68,4355.3,2.56,508
291,37,115,6.25,-3.52,-2.88,2166.91,1196.28,2396.13,2.56,508
291,36,113,5.77,-5.07,-2.52,397.56,816.62,-186.25,2.56,508
293,37,117,5.91,-6.92,-3.44,-383.24,-723.5,-379.66,2.57,508
293,37,117,6.03,-7.05,-3.46,-14.33,-655.44,186.25,2.56,508
291,36,117,5.92,-6.48,-3,501.43,-275.79,401.15,2.56,508
290,36,116,5.84,-6.85,-3.2,336.68,-261.46,702.01,2.57,508
289,36,116,5.63,-6.6,-2.83,125.36,-193.41,168.34,2.56,509
289,35,116,5.86,-6.83,-3.06,-75.21,-290.11,379.66,2.55,509
289,35,116,5.63,-6.98,-3.23,-128.94,-275.79,132.52,2.56,509
288,35,116,5.74,-6.9,-3.28,-164.76,-393.98,451.29,2.56,509
288,35,116,5.49,-6.85,-3.21,-154.01,-365.33,14.33,2.56,509
288,35,117,5.69,-6.66,-3.4,-261.46,-433.38,250.72,2.55,509
288,34,117,6.07,-6.62,-3.47,-315.19,-361.75,60.89,2.57,509
288,34,117,5.87,-6.97,-3.51,-329.51,-164.76,-229.23,2.56,509
289,35,118,5.78,-7.08,-3.54,-257.88,-71.63,-286.53,2.56,509
289,35,118,5.38,-7.19,-3.25,-136.1,-32.23,-35.82,2.56,509
289,35,118,5.13,-7.28,-3.25,32.23,-64.47,196.99,2.56,509
288,34,117,5.33,-6.96,-3.09,143.27,-121.78,196.99,2.56,509
288,34,117,5.38,-7,-3.19,182.66,-154.01,107.45,2.54,509
288,34,117,5.49,-6.83,-3.17,175.5,-207.74,103.87,2.56,509
288,34,117,5.57,-6.96,-3.24,150.43,-272.21,182.66,2.56,509
288,34,117,5.66,-6.96,-3.21,168.34,-261.46,-139.68,2.56,509
287,34,117,5.51,-7.05,-3.22,186.25,-293.7,-21.49,2.56,509
287,34,116,5.64,-7.04,-3.25,229.23,-304.44,14.33,2.56,509
287,34,116,5.45,-6.93,-3.4,279.37,-247.13,-186.25,2.56,509
287,34,116,5.51,-6.99,-3.43,272.21,-340.26,139.68,2.56,509
286,34,116,5.81,-6.91,-3.53,300.86,-311.6,7.16,2.56,509
286,34,116,5.72,-6.98,-3.63,318.77,-300.86,17.91,2.56,509
285,34,116,5.73,-7.04,-3.64,308.02,-354.58,265.04,2.56,509
285,34,116,6.03,-6.91,-3.32,308.02,-275.79,-64.47,2.56,509
285,34,116,5.65,-7.04,-3.45,186.25,-275.79,125.36,2.55,509
285,33,116,5.9,-6.91,-3.37,114.61,-282.95,146.85,2.56,509
285,34,116,5.76,-6.9,-3.37,-3.58,-214.9,50.14,2.56,509
285,34,116,5.86,-6.78,-3.23,-143.27,-146.85,25.07,2.56,510
285,34,116,5.74,-7.08,-3.45,-207.74,-32.23,-75.21,2.55,510
285,34,116,5.51,-7.22,-3.36,-218.48,21.49,-96.7,2.56,510
286,34,116,5.6,-7.35,-3.44,-182.66,46.56,32.23,2.56,510
286,34,116,5.16,-7.54,-3.5,-78.8,60.89,25.07,2.56,510
286,34,116,5.39,-7.34,-3.56,78.8,39.4,236.39,2.56,510
285,34,116,5.22,-7.15,-4.02,157.59,-107.45,354.58,2.56,510
285,34,116,5.21,-6.56,-5.45,75.21,-325.93,10.74,2.56,510
285,34,117,6.22,-5.42,-6.83,-644.7,-1142.55,-1010.03,2.56,510
286,34,119,5.59,-3.86,-9.02,-2170.49,-2467.77,-2893.98,2.57,510
287,35,122,4.4,-2.32,-10.13,-4401.86,-4459.17,-4602.44,2.55,510
290,36,129,4.97,-2.78,-12.32,-6060.17,-6110.32,-5397.56,2.57,510
294,35,139,6.53,-2.91,-12.99,-7521.49,-7768.62,-6815.9,2.56,510
14,34,150,8.32,-2.56,-11.99,-8112.46,-8603.15,-8216.33,2.57,510
11,31,157,10.23,-3.81,-11.49,-8628.22,-8814.47,-6160.46,2.56,510
7,27,166,10.54,-4.65,-8.24,-8746.42,-8187.68,-5078.8,2.57,510
5,23,174,10.46,-5.51,-6.01,-8545.85,-6772.92,-4029.37,2.56,510
4,19,-179,8.67,-5.08,-2.38,-7585.96,-4914.04,-3563.75,2.56,510
3,17,-175,8.6,-5.35,0.44,-6479.23,-3047.99,-1393.27,2.56,510
3,15,-171,11.5,-8.5,3.23,-5343.84,-1224.93,744.99,2.56,510
5,16,-168,17.93,-8.51,1.89,-2954.87,1905.44,4129.66,2.56,510
10,20,-169,23.55,-10.53,-1.74,730.66,7012.89,7009.31,2.56,510
12,26,-172,27.05,-7.87,-9.57,5458.45,13420.49,4799.43,2.57,510
13,37,-178,30.6,-10.36,-20.08,8549.43,17926.22,5626.79,2.56,510
356,51,167,31.97,-10.54,-26.92,13631.8,23717.77,8556.59,2.56,510
337,62,130,32.05,-9.75,-36.94,19674.07,28291.55,12836.68,2.56,510
327,62,86,19.22,-9.72,-35.21,25017.91,32055.87,8972.06,2.56,510
316,46,44,7.25,0.84,-26.53,27521.49,31239.26,13900.43,2.56,511
306,26,22,2.06,-1.54,-17.81,27893.98,26679.8,10787.97,2.56,511
299,9,5,-8.01,37.4,5.12,23764.33,20261.46,6941.26,2.56,511
295,1,0,6.22,-12.23,3.9,12876.07,14566.62,5107.45,2.56,511
292,-7,-9,-4.78,-2.43,1.69,12152.58,11962.75,5351,2.56,511
287,-12,-18,-0.22,2.85,3.71,10519.34,7285.1,7718.48,2.56,511
283,-14,-25,0.12,4.25,5.36,8449.14,5501.43,4559.46,2.56,511
281,-15,-30,-1.24,5.91,5.83,6246.42,4151.15,4795.85,2.56,511
277,-15,-35,-1.78,4.17,4.57,4820.92,3474.21,4631.09,2.56,511
275,-15,-38,-2.45,6.84,5.8,3492.12,2636.1,3527.94,2.57,511
272,-15,-41,-2.01,7.1,5.5,1726.36,1780.09,3936.25,2.56,511
270,-14,-42,-3.1,5.9,5.28,558.74,1289.4,2790.11,2.56,511
268,-14,-42,-2.83,6.72,5.11,-308.02,501.43,2901.15,2.56,511
265,-12,-42,-3.6,7.46,6.29,-1074.5,-239.97,3270.06,2.56,511
263,-10,-41,-1.39,6.02,6.29,-1629.66,-891.83,2782.95,2.56,511
263,-9,-41,-1.29,5.65,6.92,-1536.53,-963.47,1672.64,2.56,511
262,-8,-40,-0.72,5.36,7.94,-1339.54,-1060.17,1862.46,2.55,511
262,-7,-39,0.73,5.61,7.79,-780.8,-906.16,2116.76,2.56,511
261,-6,-39,0.85,5.9,7.99,-85.96,-351,641.12,2.56,511
262,-6,-39,-0.27,7.55,8.13,322.35,71.63,-444.13,2.56,511
264,-6,-39,-1.33,7,6.93,60.89,32.23,-429.8,2.54,511
265,-6,-39,-3.33,6.97,6.97,-598.14,-411.89,161.17,2.56,511
266,-6,-38,-3.56,7.28,6.83,-1002.87,-1131.81,-3689.11,2.56,511
270,-7,-37,1.43,10.52,8.89,-1393.27,-2525.07,-5311.6,2.56,511
276,-8,-35,4.66,8.66,7.06,-1042.26,-4570.2,-5343.84,2.55,511
278,-6,-33,-5.82,4.54,6.95,-3810.89,-2016.48,-1067.34,2.56,511
280,-5,-30,-1.28,6.31,5.96,-4208.45,-3101.72,-984.96,2.55,512
280,-4,-28,-1.06,4.04,5.28,-5100.29,-3370.34,1590.26,2.56,512
281,-1,-25,-1.19,2.8,6.66,-5143.27,-3008.6,1189.11,2.56,512
279,0,-21,-1.01,3.42,8,-5583.81,-3062.32,4939.11,2.56,512
276,3,-17,3.49,3.2,8.04,-5662.61,-2542.98,5225.64,2.55,512
274,5,-14,3.28,1.87,9.05,-5798.71,-1124.64,6221.35,2.56,512
270,6,-9,2.76,-0.04,9.52,-5250.72,-93.12,5275.79,2.56,512
268,6,-6,3.5,0.14,11.34,-4752.87,1017.19,3470.63,2.56,512
266,6,-2,1.71,-0.31,11.56,-4366.05,1679.8,3280.8,2.55,512
264,5,0,1.9,-2.93,11.19,-4075.93,2120.34,2643.27,2.56,512
263,3,1,1.18,-2.73,10.32,-3388.25,2521.49,1232.09,2.56,512
263,1,3,-1.25,-3.27,10.43,-2589.54,2288.68,1926.93,2.55,512
261,0,5,0.23,-1,10.66,-2120.34,1525.79,3399,2.56,512
260,0,6,-1.59,-2.48,10.58,-1543.7,1579.51,1253.58,2.57,512
259,-1,7,-1.03,-1.66,10.03,-1214.18,1060.17,1558.02,2.56,512
257,-2,7,-1.17,-2.33,10.27,-916.91,368.91,2786.53,2.56,512
255,-2,8,0.3,-1.91,9.91,-390.4,132.52,2174.07,2.56,512
255,-2,8,-0.37,-1.55,9.42,257.88,50.14,551.58,2.57,512
254,-2,8,-0.39,-1.38,9.67,465.62,-318.77,863.18,2.56,512
254,-2,7,-2.23,-0.54,9.73,744.99,-784.38,1002.87,2.56,512
253,-1,7,-0.22,1,9.56,451.29,-1654.73,1479.23,2.56,512
253,0,6,2.72,-1.66,8.9,393.98,-1651.15,1411.17,2.57,512
253,0,6,1.47,-1.03,8.85,967.05,-1095.99,-594.56,2.56,512
254,0,5,-0.01,0.97,9.28,1035.1,-1131.81,-343.84,2.56,512
253,1,5,0.14,1.11,9.51,458.45,-1525.79,773.64,2.56,512
253,2,5,1.6,-0.12,9.24,196.99,-1522.21,272.21,2.57,512
253,3,5,1.46,-1.05,9.57,236.39,-1292.98,-157.59,2.56,512
254,4,4,1.56,0.44,9.97,232.81,-1045.85,-211.32,2.55,513
254,4,4,1.14,1.03,10.18,-71.63,-784.38,-963.47,2.56,513
255,5,4,1.35,-0.46,9.41,-351,-530.09,-1776.5,2.56,513
256,5,5,0.95,-0.59,9.29,-325.93,-419.05,-2048.71,2.56,513
257,6,5,0.88,-0.58,9.32,-462.03,-519.34,-741.4,2.56,513
257,6,5,1.12,-0.64,9.49,-551.58,-598.14,-35.82,2.56,513
257,6,5,1.57,-1.22,9.88,-601.72,-472.78,89.54,2.56,513
258,7,6,1.99,-0.19,10.16,-519.34,-279.37,-279.37,2.56,513
258,7,6,1.68,-0.31,10.2,-633.95,32.23,-795.13,2.56,513
260,7,6,1.74,-0.54,9.76,-662.61,376.07,-2091.69,2.57,513
261,7,7,1.63,-1.46,9.24,-694.84,519.34,-2242.12,2.56,513
263,6,7,0.84,-1.75,9.03,-641.12,512.18,-2234.96,2.56,513
264,6,7,0.28,-1.6,8.74,-580.23,308.02,-1891.12,2.56,513
265,6,7,0,-0.29,8.79,-691.26,-60.89,-1558.02,2.56,513
266,7,8,-0.01,-1.42,8.01,-1146.13,-472.78,-1260.74,2.56,513
267,7,8,0.62,-2.13,7.08,-1282.23,-730.66,-1454.15,2.56,513
268,8,9,0.41,-4.47,6.29,-1221.35,-1174.79,-1224.93,2.56,513
268,33,37,8.74,-8.29,4.46,-6568.77,-4957.02,336.68,2.57,514
268,35,42,10.29,-5.88,5.41,-6851.72,-4788.68,1368.19,2.55,514
267,36,49,9.43,-4.76,3.48,-7525.07,-4620.34,2933.38,2.56,514
267,37,57,10.94,-7.32,2.7,-8266.48,-3936.25,770.06,2.57,514
268,38,64,10.93,-5.95,2.32,-8692.69,-3309.46,57.31,2.56,514
270,38,72,11.56,-5.83,2.63,-9559.46,-2668.34,-497.85,2.57,514
273,40,78,10.29,-8.34,1.19,-10128.94,-1955.59,-4018.62,2.56,514
279,43,86,9.59,-10.15,-0.39,-10433.38,-2177.65,-3778.65,2.56,514
285,45,94,9.25,-10.32,-1.14,-10598.14,-2632.52,-2188.4,2.56,514
291,46,104,8.6,-9.04,-1.45,-10662.61,-2768.62,-2184.81,2.57,514
298,46,113,7.64,-9.66,-2.69,-10666.19,-2958.45,-2363.9,2.56,514
303,47,121,7.29,-9,-3.71,-10143.27,-3280.8,-2811.6,2.54,514
312,47,131,7.49,-7.89,-4.22,-9631.09,-3320.2,-3603.15,2.56,514
322,48,141,6.54,-7.45,-4.91,-8606.73,-3176.93,-5490.69,2.56,514
330,48,149,6.26,-5.61,-4.45,-7360.32,-3194.84,-6959.17,2.56,514
343,49,161,4.71,-3.75,-3.73,-6396.85,-3194.84,-8610.32,2.56,514
355,47,170,5.19,-1.89,-3.75,-5594.56,-3821.63,-5555.16,2.54,514
6,45,178,8.53,0.12,-3.13,-5125.36,-3843.12,-4609.6,2.56,514
8,43,-176,6.47,2.63,-3.9,-4681.23,-2944.13,-5340.26,2.56,514
5,41,-170,6.59,-0.33,-4.47,-4219.2,-2217.05,-6647.56,2.56,514
2,39,-164,6.3,-0.86,-5.83,-3746.42,-1858.88,-4222.78,2.56,514
3,38,-162,5.77,1.29,-7.48,-3395.42,-1794.41,920.49,2.56,514
5,37,-162,7.58,0.63,-8.22,-3406.16,-1622.49,6307.31,2.56,514
11,38,-163,8.3,0.61,-8.23,-2976.36,-920.49,7593.12,2.54,514
15,39,-165,6.71,0.13,-8.71,-1719.2,641.12,3585.24,2.56,514
16,40,-164,5.56,1.99,-7.93,-261.46,1651.15,-365.33,2.54,514
16,41,-164,6.16,2.15,-7,308.02,1511.46,1443.41,2.56,515
17,42,-166,5.41,2.19,-6.58,773.64,1583.09,2084.53,2.55,515
41,44,-167,6.02,0.59,-6.83,1475.64,1672.64,1425.5,2.56,515
36,45,-170,9.29,-0.76,-7,2195.56,1633.24,3527.94,2.56,515
27,47,-175,5.66,-0.47,-5.37,2564.47,1701.29,6153.29,2.56,515
18,47,178,7.43,-1.62,-6.37,2671.92,999.28,5981.38,2.56,515
11,48,173,6.38,-1.63,-6.85,2883.24,744.99,2782.95,2.56,515
5,48,168,7.51,-0.38,-6.25,2188.4,-196.99,3975.64,2.56,515
1,47,165,7.46,0.46,-5.58,1246.42,-551.58,1891.12,2.56,515
359,46,164,7.69,-0.68,-4.9,422.64,-734.24,1962.75,2.56,515
358,46,163,6.53,-2.35,-4.2,-53.72,-329.51,759.31,2.55,515
357,46,162,7.24,-3.23,-3.91,179.08,125.36,1740.69,2.56,515
355,45,160,8.21,-3.83,-3.44,1153.3,1063.75,3022.92,2.56,515
351,46,157,8.29,-4.4,-3.59,2500,2181.23,4351.72,2.56,515
345,46,151,8.7,-5.02,-4.21,3735.67,2851,6393.27,2.55,515
337,45,142,5.9,-5.09,-3.17,5648.28,3757.16,7596.71,2.56,515
326,42,131,7.06,-8.01,-4.1,7335.24,3467.05,10694.84,2.55,515
318,40,123,6.27,-8.08,-5.14,9831.66,4229.94,8005.01,2.56,515
308,35,112,7.56,-7.13,-5.01,10744.99,3979.23,10479.94,2.56,515
300,31,101,6.44,-6.76,-3.59,12005.73,4666.91,6325.21,2.56,515
295,28,91,8.61,-7.45,-2.53,11991.4,5182.66,5050.14,2.56,515
293,26,83,5.67,-13.21,-2.13,11640.4,5823.78,4563.04,2.56,515
289,21,74,2.18,-12.51,1.68,11568.77,4799.43,6597.42,2.56,515
284,16,66,3.35,-9.99,4.18,10583.81,3047.99,6916.19,2.56,515
279,11,60,-2.12,-7.49,4.64,7886.82,902.58,7224.21,2.56,515
276,9,58,14.67,-7.97,1.04,4398.28,-376.07,1944.84,2.57,515
275,8,56,1.94,-2.75,7.45,1952.01,730.66,168.34,2.56,515
275,8,56,0.23,-7.52,4.97,-1837.39,-211.32,676.93,2.56,516
276,9,58,-0.07,-8.43,3.88,-2492.84,-891.83,-2138.25,2.56,516
277,10,59,3.53,-8.83,5.38,-2252.87,-408.31,-3972.06,2.56,516
279,12,60,2.71,-10.12,4.88,-1507.88,-275.79,-2149,2.56,516
279,12,61,2.05,-10.42,4.03,-476.36,-286.53,1712.03,2.56,516
278,11,61,0.41,-7.55,6.27,-505.01,-522.92,1038.68,2.56,516
277,11,62,1.06,-5.35,5.26,-2811.6,-1393.27,-633.95,2.56,516
276,12,64,3.73,-4.81,3.25,-3904.01,-1092.41,-1962.75,2.56,516
278,14,67,4.11,-7.66,2.45,-4502.15,-530.09,-2349.57,2.54,516
279,15,69,3.9,-11.92,2.36,-2424.79,265.04,78.8,2.56,516
279,14,70,3.48,-12.64,3.38,1683.38,1457.74,1267.91,2.56,516
278,13,67,3.94,-11,3.37,4659.74,1801.58,2285.1,2.56,516
276,11,63,1.81,-9.89,4.07,7736.39,2704.15,2750.72,2.54,516
274,8,57,0.94,-8.82,4.03,9108.17,2288.68,4194.13,2.56,516
272,5,52,-0.38,-7.94,5.83,8857.45,1633.24,4290.83,2.57,516
269,3,46,0.63,-6.43,6.16,7972.78,913.32,4663.32,2.56,516
267,2,45,5.17,-31.56,-1.78,-19244.27,2367.48,-8205.59,2.55,516
267,2,45,0.48,-9.1,6.62,-623.21,-1002.87,1790.83,2.56,516
267,2,45,1.63,-4.48,8.98,-995.7,-877.51,308.02,2.57,516
267,3,47,0.53,-4.23,7.68,-3155.44,-719.91,-2106.02,2.56,516
269,4,50,0.92,-4.8,5.84,-5659.03,-1103.15,-2639.68,2.56,516
270,6,55,-0.64,-6.68,4.68,-7457.02,-1375.36,-2933.38,2.56,516
272,8,59,0.66,-8.11,2.55,-7693.41,-1676.22,-2851,2.56,516
274,10,64,5.63,-11.51,0.5,-6772.92,-1984.24,-2800.86,2.56,516
275,12,67,4.74,-11.16,1.85,-3742.84,-573.07,-1045.85,2.56,516
275,12,68,1.62,-10.64,4.64,-916.91,401.15,290.11,2.56,516
275,12,68,1.24,-9.97,5.48,1475.64,623.21,239.97,2.56,517
275,11,67,3.32,-7.6,4.6,2020.06,447.71,368.91,2.56,517
274,11,66,0.87,-7.92,4.66,1507.88,530.09,866.76,2.56,517
274,10,65,1.97,-7.74,3.04,623.21,200.57,365.33,2.56,517
273,10,65,1.7,-8.09,3.76,-114.61,103.87,53.72,2.56,517
273,10,65,1.68,-9.09,3.9,-444.13,-93.12,-182.66,2.56,517
273,10,65,2.3,-8.51,3.78,-333.09,-193.41,-193.41,2.56,517
273,11,65,1.71,-9.27,3.91,-182.66,-171.92,-211.32,2.56,517
273,11,65,1.72,-8.92,4.21,107.45,-121.78,-111.03,2.56,517
272,11,65,2.49,-7.26,3.59,200.57,-171.92,254.3,2.57,517
271,10,65,2.27,-8,3.53,3.58,3.58,547.99,2.56,517
271,10,65,1.87,-9.44,3.79,379.66,103.87,834.53,2.56,517
271,10,65,1.97,-9.3,4.49,1217.77,232.81,361.75,2.55,517
270,9,64,2.03,-9.38,4.44,1597.42,293.7,143.27,2.57,517
270,10,63,0.93,-8.6,5.12,1855.3,279.37,-877.51,2.56,517
270,10,62,2.44,-6.59,4.54,1106.73,-157.59,57.31,2.56,517
270,10,61,1.91,-6.54,4.61,-139.68,-118.19,343.84,2.55,517
270,10,62,1.97,-8.8,3.88,-680.52,-154.01,311.6,2.57,517
269,10,62,1.81,-9.85,4.17,-214.9,-214.9,-7.16,2.56,517
269,10,62,2.19,-9.92,3.81,1128.22,-343.84,537.25,2.56,517
268,9,61,1.61,-7.69,5.49,1386.1,-354.58,1948.42,2.56,517
267,8,60,1.67,-7.59,4.82,959.89,-229.23,1242.84,2.57,517
266,8,60,0.26,-6.16,6.55,-390.4,-128.94,-128.94,2.56,517
267,9,62,0.2,-6.86,5.94,-2829.51,-752.15,-852.44,2.57,517
267,9,64,1.74,-6.57,4.94,-4820.92,-1507.88,-619.63,2.54,517
267,10,67,2.91,-8.72,1.96,-5866.76,-1737.11,-881.09,2.56,517
268,11,72,4.18,-7.98,2.24,-5981.38,-1429.08,-759.31,2.56,517
269,12,75,2.98,-10.57,1.68,-4842.41,-239.97,-1475.64,2.57,518
270,12,77,3.11,-10.35,2.38,-2116.76,619.63,-863.18,2.55,518
271,13,78,3.24,-10.99,1.7,239.97,1296.56,-218.48,2.56,518
271,12,76,3.57,-9.99,1.98,3459.89,2123.93,1454.15,2.56,518
271,11,72,2.99,-10.73,1.03,6608.17,3101.72,838.11,2.56,518
271,10,68,1.32,-11.31,1.57,8012.18,3467.05,1138.97,2.56,518
270,7,62,1.08,-7.43,4.69,8563.75,2944.13,3069.48,2.56,518
268,4,56,0.63,-6.9,5.15,7858.17,2134.67,4183.38,2.56,518
266,1,51,-1.48,-5.48,7.01,6948.42,1081.66,4276.5,2.56,518
264,0,48,-2.79,-9.82,21.97,4860.32,100.29,2654.01,2.56,518
265,0,48,-1.62,-19.79,7.55,-9161.89,3918.34,2457.02,2.56,518
264,0,48,-2.35,-10.3,6.75,-1060.17,-963.47,250.72,2.57,518
264,1,49,-1.79,-8.88,9.46,-1715.62,-1858.88,-254.3,2.56,518
264,1,50,0.61,-8.53,9.11,-3710.6,-2614.61,-612.46,2.56,518
264,3,53,2.06,-10.37,5.79,-5089.54,-2947.71,-1708.45,2.56,518
266,7,57,2.79,-8.38,5.61,-6135.39,-2768.62,-5519.34,2.56,518
287,34,88,4.37,-3.86,0.46,-6987.82,-4469.91,-6192.69,2.56,518
290,36,95,5.5,-2.98,0.23,-7206.3,-4742.12,-1446.99,2.56,518
306,45,115,5.8,-7.46,-1.58,-3166.19,-934.81,-3789.4,2.56,518
306,45,117,12.25,-14.13,-4.9,-1497.13,-737.82,3159.03,2.56,519
304,43,116,8.06,-11.13,-5.53,1783.67,1640.4,3176.93,2.56,519
302,41,113,1.4,-8.68,-4.08,2722.06,1221.35,2761.46,2.56,519
297,38,110,5.26,-4.72,-2.52,2575.21,53.72,4749.28,2.56,519
295,37,108,6.96,-6,-1.86,1378.94,75.21,2166.91,2.56,519
293,36,107,7.11,-6.72,-0.95,551.58,186.25,1701.29,2.55,519
292,35,107,6.53,-6.93,-1.65,-211.32,290.11,1626.07,2.56,519
291,34,107,6.29,-7.14,-1.98,-404.73,286.53,1615.33,2.54,519
291,34,107,5.53,-8.1,-2.87,32.23,440.54,487.11,2.56,519
291,33,106,5.52,-8.86,-3.35,494.27,265.04,1153.3,2.55,519
290,32,105,5.27,-8.76,-2.91,1228.51,50.14,1636.82,2.56,519
288,31,104,4.87,-7.7,-2.56,1558.02,-229.23,1572.35,2.54,519
286,30,103,3.89,-6.82,-1.42,1203.44,-626.79,1192.69,2.56,519
284,29,103,4.95,-7.58,-1.59,422.64,-734.24,1558.02,2.56,519
283,29,103,5.61,-7.47,-1.72,-14.33,-222.06,619.63,2.56,519
283,28,103,5.42,-7.74,-2.12,-279.37,-426.22,107.45,2.56,519
283,28,104,5.24,-8.26,-2.41,-458.45,-662.61,-10.74,2.57,519
282,28,104,4.87,-8.26,-2.45,-429.8,-659.03,-257.88,2.56,519
282,29,105,4.87,-8.06,-2.2,-261.46,-576.65,-472.78,2.54,519
282,29,105,5.03,-8.09,-2.15,-114.61,-494.27,-96.7,2.56,519
281,29,105,4.99,-8.42,-2.16,103.87,-436.96,-164.76,2.57,519
281,29,105,4.58,-8.3,-2.03,146.85,-383.24,-57.31,2.56,519
281,29,105,4.55,-8.22,-2.02,107.45,-311.6,128.94,2.54,519
281,28,105,4.97,-8.22,-2,96.7,-243.55,211.32,2.56,519
280,28,105,4.51,-8.12,-2.17,139.68,-157.59,-60.89,2.56,519
280,28,105,4.75,-8.17,-2.13,39.4,-146.85,-89.54,2.56,519
280,28,105,4.83,-8.24,-2.33,-68.05,-139.68,-39.4,2.54,519
280,29,105,4.97,-8.18,-2.33,7.16,-114.61,-222.06,2.56,520
280,29,105,4.67,-7.96,-2.4,21.49,-204.15,-236.39,2.57,520
280,29,105,4.7,-7.96,-2.22,28.65,-232.81,-232.81,2.56,520
280,29,105,4.67,-8.05,-2.47,146.85,-254.3,-136.1,2.56,520
280,29,106,4.68,-8.09,-2.17,139.68,-383.24,-175.5,2.56,520
280,29,106,4.53,-8.29,-2.1,214.9,-401.15,-268.62,2.56,520
279,29,105,4.72,-8.42,-2.05,261.46,-415.47,-3.58,2.56,520
279,29,105,5.09,-8.23,-2.08,261.46,-329.51,265.04,2.56,520
279,29,105,5.04,-7.64,-1.96,300.86,-125.36,-93.12,2.56,520
279,29,105,5.52,-7.75,-1.95,189.83,32.23,-111.03,2.57,520
279,29,105,5.55,-7.64,-2.16,175.5,211.32,85.96,2.56,520
279,29,105,5.31,-7.75,-2.09,111.03,530.09,272.21,2.56,520
279,29,104,4.96,-8.02,-2.01,28.65,454.87,-125.36,2.56,520
280,29,104,5.53,-8,-2.01,-128.94,497.85,-10.74,2.56,520
280,29,104,4.99,-8.4,-1.93,-32.23,408.31,-318.77,2.57,520
280,29,104,4.76,-8.5,-1.97,75.21,275.79,436.96,2.56,520
280,29,104,4.84,-8.1,-2.01,7.16,290.11,-28.65,2.57,520
281,29,104,4.54,-7.88,-1.98,25.07,121.78,-71.63,2.56,520
281,29,104,4.26,-7.95,-2.08,53.72,-10.74,-351,2.57,520
281,30,104,3.86,-7.95,-2.14,125.36,-218.48,-608.88,2.56,520
281,30,104,4.32,-8.32,-2.43,211.32,-612.46,-694.84,2.56,520
281,30,104,4.28,-8.38,-2.57,265.04,-1010.03,-347.42,2.56,520
279,30,105,4.88,-8.33,-2.9,268.62,-1224.93,-308.02,2.56,520
279,30,105,5.31,-7.87,-2.79,232.81,-1407.59,-186.25,2.56,520
277,30,105,5.8,-7.66,-3.31,-35.82,-1436.25,-35.82,2.57,520
277,30,106,7.03,-7.24,-3.91,-333.09,-1192.69,-945.56,2.56,520
277,30,107,6.71,-6.49,-5.4,-802.29,-1088.83,-1189.11,2.56,520
277,31,109,5.77,-6.23,-7.72,-1916.19,-1425.5,-1554.44,2.56,521
279,32,112,3.07,-4.35,-10.12,-3621.06,-2886.82,-2500,2.56,521
280,32,116,0.34,0.16,-12.81,-6275.07,-5626.79,-3850.29,2.56,521
282,33,124,1.81,2.79,-13.18,-8646.13,-8144.7,-6246.42,2.57,521
288,33,137,4.58,2.49,-9.83,-11010.03,-10458.45,-11454.15,2.56,521
10,32,153,15.28,-2.6,-2.91,-12263.61,-11507.88,-11901.86,2.56,521
7,28,163,36.81,-11.73,5.62,-12002.15,-8861.03,-3087.39,2.55,521
8,25,171,39.45,-24.75,3.64,-9326.65,-551.58,1049.43,2.56,521
11,30,172,39.43,-23.05,-2.96,-1339.54,13005.01,3341.69,2.56,521
345,43,165,35.34,-27.44,-24.18,7113.18,24530.8,6138.97,2.56,521
338,55,147,33.92,-18.01,-38.96,16647.56,32696.99,10866.76,2.54,521
326,61,91,14.4,-5.75,-38.98,22378.22,36608.17,13176.93,2.56,521
312,40,50,-10.59,4.66,-30.08,28320.2,31808.74,24265.76,2.56,521
289,15,34,3.47,7.84,-17.89,28033.67,14494.99,33463.47,2.56,521
276,5,22,22.95,12.83,-9.03,26636.82,10103.87,14541.55,2.56,521
273,-3,6,15.43,0.24,0.73,21085.24,13800.14,-3484.96,2.57,521
281,-15,2,-25.54,12.92,7.27,9641.83,10927.65,7621.78,2.56,521
276,-18,-2,-10.83,-11.4,2.23,6228.51,2131.09,11511.46,2.57,521
271,-18,-8,-6.41,-0.84,5.39,7947.71,-537.25,9462.75,2.56,521
266,-15,-14,-0.77,8.13,8.39,6386.1,-3438.4,8545.85,2.56,521
262,-11,-18,0,9.13,9.15,3244.99,-3699.86,5641.12,2.56,521
260,-8,-20,1.22,5.93,6.86,938.4,-3449.14,3513.61,2.56,521
260,-6,-20,3.82,5.28,9.62,397.56,-1565.19,-2034.38,2.57,521
261,-6,-20,1.76,2.55,10.11,-78.8,-927.65,-981.38,2.56,521
261,-6,-20,2.63,4.1,9.15,-175.5,-268.62,-698.42,2.56,521
262,-6,-20,0.55,3.66,8.31,232.81,-232.81,-46.56,2.55,521
261,-6,-20,-1.68,2.31,8.01,372.49,25.07,78.8,2.56,522
261,-5,-20,0.16,3.29,7.54,673.35,-505.01,1479.23,2.54,522
261,-5,-21,-1.86,4.84,7.62,1275.07,-222.06,-32.23,2.56,522
260,-4,-22,-0.67,3.61,7.5,870.34,-1020.77,2199.14,2.56,522
259,-3,-22,-0.36,5.97,9.15,941.98,-995.7,1654.73,2.56,522
258,-2,-23,-1.03,5.22,7.81,440.54,-1131.81,2206.3,2.56,522
256,0,-23,1,5.62,8.31,186.25,-1368.19,2381.81,2.56,522
255,0,-23,0.09,5.31,7.75,50.14,-945.56,1063.75,2.54,522
255,0,-23,0.2,4.14,7.33,-186.25,-1092.41,1583.09,2.56,522
254,1,-23,0.5,4.39,6.78,57.31,-1024.36,902.58,2.54,522
254,2,-23,-0.65,4.04,7.35,275.79,-1031.52,1074.5,2.56,522
252,4,-23,1.18,6.51,8.41,-3.58,-1475.64,2843.84,2.55,522
251,5,-23,1.01,6.69,8.03,-573.07,-1232.09,2256.45,2.56,522
250,6,-22,2.15,8.59,7.96,-1425.5,-1418.34,3542.26,2.56,522
249,8,-21,1.6,6.21,8.7,-2360.32,-576.65,75.21,2.56,522
251,7,-19,2.47,5.72,9.84,-2589.54,-60.89,-4477.08,2.56,522
254,6,-18,0.4,2.98,9.54,-2539.4,50.14,-6862.46,2.56,522
257,5,-17,1.32,0.33,8.91,-3287.97,-920.49,39.4,2.56,522
257,6,-15,3.38,2.54,9.25,-1973.5,71.63,-1651.15,2.56,522
259,5,-14,-0.97,4.06,9.26,-967.05,787.97,-3090.97,2.56,522
260,4,-14,-0.28,4.26,10.16,-1042.26,304.44,-1246.42,2.57,522
261,4,-13,0.82,2.86,9.47,-909.74,376.07,-1310.89,2.56,522
262,3,-13,2,3.88,10.45,-730.66,655.44,-1135.39,2.56,522
263,2,-12,0.37,4.14,10.58,-845.27,1321.63,-1873.21,2.56,522
263,2,-12,-0.59,4.43,10.69,-1232.09,755.73,-71.63,2.56,522
263,1,-11,-1.31,2.57,10.65,-1525.79,590.97,-250.72,2.56,522
265,1,-10,-0.68,1.24,9.86,-1522.21,551.58,-1801.58,2.54,522
265,0,-9,0.42,2.68,8.93,-1489.97,-75.21,168.34,2.56,523
265,0,-8,-0.08,0.73,7.43,-852.44,111.03,-2166.91,2.56,523
266,0,-8,-1.05,1.23,7.69,-565.9,-351,-694.84,2.56,523
266,1,-7,0.29,1.7,8.55,-340.26,-1078.08,1246.42,2.54,523
265,2,-7,0.68,2.13,8.34,-89.54,-970.63,333.09,2.56,523
266,2,-7,0.18,2.8,8.5,121.78,-909.74,-168.34,2.57,523
265,3,-7,1.56,3.01,8.98,-132.52,-1131.81,956.3,2.56,523
265,3,-7,1.7,2.82,8.46,-161.17,-605.3,-687.68,2.54,523
266,4,-7,1.89,3.15,8.39,-315.19,-229.23,-1067.34,2.56,523
266,4,-7,1.22,2.57,8.38,-687.68,0,-555.16,2.57,523
267,3,-6,0.28,2.13,8.17,-780.8,229.23,-1095.99,2.56,523
268,3,-6,-0.37,2.1,8.18,-1024.36,128.94,-748.57,2.56,523
268,3,-5,-0.11,1.97,8.98,-1282.23,-114.61,121.78,2.56,523
268,3,-4,0.51,2.25,9.66,-1608.17,-265.04,619.63,2.57,523
268,3,-3,-0.06,2.43,10.24,-1575.93,111.03,-1110.32,2.56,523
269,3,-2,0.8,0.87,10.41,-1794.41,100.29,-1658.31,2.56,523
273,2,2,0.47,0.05,10.27,-587.39,28.65,-1013.61,2.56,523
274,2,2,0.16,0.44,10.82,-257.88,229.23,-1543.7,2.56,523
279,2,2,-0.59,-0.21,9.82,476.36,616.05,-3334.53,2.56,524
281,2,1,-0.8,-0.49,9.43,540.83,318.77,-2929.8,2.56,524
282,2,1,0.41,-0.55,9.27,454.87,32.23,-2020.06,2.56,524
284,2,1,-1.71,-0.17,9.28,895.42,358.17,-4426.93,2.56,524
286,2,0,-0.81,-0.64,8.63,429.8,-429.8,-2012.89,2.56,524
287,2,0,-0.33,-0.25,8.03,250.72,-1056.59,-1081.66,2.56,524
288,3,0,-1.62,0.6,8.42,347.42,-1289.4,-2213.47,2.56,524
289,4,0,1.63,-0.39,8.03,447.71,-1941.26,-2668.34,2.56,524
291,5,0,1.5,0.87,8.22,451.29,-2184.81,-1833.81,2.57,524
293,7,-1,2.89,0.47,8.47,1038.68,-1851.72,-5121.78,2.56,524
296,8,-2,1.98,1.92,8.97,1081.66,-2070.2,-3176.93,2.56,524
297,9,-3,0.59,1.51,8.6,1880.37,-1812.32,-6575.93,2.56,524
301,10,-5,-1.82,0.54,7.81,2245.7,-2414.04,-6103.15,2.57,524
304,12,-8,-2.12,0.79,7.37,2736.39,-4104.58,-2872.49,2.56,524
304,15,-10,-1.28,2.78,7.6,3005.01,-6142.55,784.38,2.56,524
304,19,-12,-0.83,2.51,6.16,3771.49,-7184.81,-669.77,2.55,524
304,24,-15,2.15,4.05,5.68,3710.6,-8560.17,2141.83,2.56,524
302,30,-17,3.65,4.98,4.38,3764.33,-9333.81,1851.72,2.56,524
301,37,-20,3.97,3.88,2.2,3789.4,-10261.46,2571.63,2.57,524
299,43,-22,7.56,5.01,1.63,2582.38,-12041.55,7675.5,2.56,524
295,53,-21,9.76,5.03,1.8,1851.72,-12113.18,6686.96,2.57,524
291,62,-21,9.78,5.41,2,522.92,-12005.73,6106.73,2.56,524
288,71,-19,11.08,4.78,2.62,-1017.19,-11676.22,4856.73,2.56,524
287,77,-18,11.29,3.02,0.78,-2492.84,-11411.17,4186.96,2.55,524
286,85,0,12.35,1.78,0.26,-3495.7,-11368.2,4924.79,2.56,524
286,85,177,13.09,1.12,-0.81,-4734.96,-10623.21,5060.89,2.56,524
286,78,149,14.88,0.69,-1.99,-5676.93,-9666.91,4613.18,2.57,524
287,73,154,14.88,-0.64,-3.64,-5931.23,-8656.88,3982.81,2.55,525
289,67,158,19.45,3.48,-1.2,-5386.82,-7234.96,1024.36,2.56,525
295,64,168,9.97,-1.81,-4.5,-6027.94,-5816.62,1532.95,2.57,525
300,60,171,9.58,-2.89,-5,-5204.15,-5042.98,-601.72,2.56,525
305,58,175,8.06,-4.39,-5.03,-4409.03,-5433.38,39.4,2.56,525
308,54,176,15.43,-1.77,-3.08,-4559.46,-5770.06,4054.44,2.56,525
312,51,177,10.07,3.41,-3.24,-3975.64,-3721.35,-1142.55,2.56,525
320,48,-177,10.22,0.94,-4.52,-4308.74,-3073.07,-1919.77,2.56,525
326,47,-174,5.83,-0.85,-5.7,-4588.11,-2449.86,-1049.43,2.56,525
334,45,-170,4.97,-2.96,-7.38,-4308.74,-2535.82,-1371.78,2.56,525
317,43,-167,7.1,-0.6,-7,-3760.74,-3087.39,-333.09,2.56,525
319,41,-166,8.74,1.28,-6.05,-3721.35,-2854.58,150.43,2.56,525
319,40,-164,7.9,0.54,-6.49,-3488.54,-1815.9,-1654.73,2.56,525
318,38,-160,8.64,1.96,-6.62,-2868.91,-1164.04,-3502.87,2.56,525
317,37,-157,5.98,3.19,-5.87,-2732.81,-899,-2141.83,2.56,525
317,36,-155,6.07,4.73,-5.85,-2833.09,-941.98,-823.78,2.56,525
317,36,-153,6.9,4.46,-6.54,-2514.33,-770.06,-1497.13,2.56,525
316,35,-151,6.02,5.39,-7.49,-2127.51,-533.67,-1647.56,2.55,525
317,34,-150,6.81,3.7,-8.49,-2088.11,-1045.85,927.65,2.56,525
319,34,-150,7.37,1.42,-8.27,-1368.19,-1117.48,2360.32,2.56,525
319,34,-150,6.53,0.35,-7.76,103.87,-562.32,-125.36,2.56,525
318,34,-150,7.34,0.68,-5.98,1135.39,-616.05,-393.98,2.55,525
317,33,-151,9.09,2.95,-4.98,1797.99,-64.47,-411.89,2.56,525
317,34,-153,4.01,3.95,-4.14,1078.08,-533.67,3062.32,2.56,525
319,34,-155,6.45,3.59,-5.49,648.28,-1020.77,3871.78,2.56,525
321,35,-157,6.54,2.9,-6.88,669.77,-687.68,2707.74,2.54,525
321,35,-158,7.13,3.14,-7.11,999.28,-175.5,136.1,2.56,525
320,35,-159,7.05,3.66,-6.67,838.11,7.16,-3.58,2.56,526
319,35,-159,6.99,3.85,-6.12,669.77,286.53,-544.41,2.56,526
318,35,-159,7.17,3.92,-6.09,540.83,479.94,-1045.85,2.54,526
317,35,-159,7.97,3.75,-6.46,322.35,709.17,-977.79,2.56,526
316,35,-158,7.88,3.9,-6.74,189.83,938.4,-802.29,2.56,526
315,35,-158,7.23,4.14,-6.41,-53.72,992.12,-214.9,2.56,526
315,36,-158,6.51,3.66,-6.69,-225.64,902.58,293.7,2.54,526
314,37,-157,6.35,3.61,-6.54,-247.13,730.66,60.89,2.56,526
315,37,-157,6.07,3.64,-6.02,-358.17,476.36,268.62,2.54,526
315,37,-157,6.76,3.19,-6.13,-458.45,311.6,250.72,2.56,526
315,38,-157,6.42,2.65,-6.12,-630.37,139.68,680.52,2.56,526
315,38,-157,6.11,2.59,-5.74,-562.32,53.72,89.54,2.54,526
315,38,-156,6.01,2.49,-5.51,-587.39,-189.83,290.11,2.56,526
315,38,-156,6.46,2.74,-5.47,-519.34,-333.09,236.39,2.56,526
315,37,-156,7.14,3,-5.59,-494.27,-383.24,333.09,2.56,526
315,37,-156,7.75,3.63,-5.71,-422.64,-275.79,222.06,2.55,526
316,37,-156,8.14,4.52,-6,-440.54,-46.56,214.9,2.56,526
316,37,-156,7.98,4.85,-6.62,-580.23,139.68,547.99,2.56,526
316,38,-156,7.2,4.48,-7.05,-691.26,182.66,913.32,2.56,526
317,38,-156,6.12,4.01,-6.71,-698.42,21.49,1099.57,2.56,526
318,38,-156,5.94,3.74,-5.92,-727.08,-372.49,1411.17,2.56,526
319,38,-156,6.13,3.56,-5.36,-791.55,-687.68,1339.54,2.56,526
320,38,-156,6.59,3.16,-5.18,-891.83,-859.6,1335.96,2.56,526
321,38,-156,7.17,3.05,-5.02,-988.54,-949.14,1214.18,2.56,526
322,38,-156,8.53,3.16,-5.29,-1088.83,-762.89,1017.19,2.56,526
323,38,-156,8.66,2.84,-5.57,-1289.4,-408.31,1396.85,2.56,526
324,38,-156,8.12,2.95,-5.57,-1396.85,-128.94,1797.99,2.56,527
326,38,-156,8.11,2.96,-5.82,-1486.39,200.57,2073.78,2.56,527
18,40,-156,7.64,2.7,-6.35,-1532.95,451.29,2428.37,2.56,527
18,40,-156,6.5,2.28,-6.53,-1489.97,454.87,2836.68,2.56,527
18,41,-157,5.83,2.68,-5.91,-1328.8,401.15,2324.5,2.56,527
18,42,-157,5.11,2.89,-5.75,-1357.45,103.87,2098.85,2.56,527
19,43,-158,5.35,2.59,-6.1,-1708.45,-630.37,3262.89,2.56,527
19,43,-159,5.15,2.15,-7.28,-1941.26,-1210.6,3707.02,2.56,527
20,43,-160,6.26,1.79,-8.3,-1962.75,-1647.56,3599.57,2.56,527
22,42,-161,7.54,1.62,-8.82,-1977.08,-2091.69,4340.97,2.56,527
23,42,-163,7.62,1.4,-8.19,-1926.93,-1984.24,4677.65,2.56,527
351,42,-164,7.91,1.15,-7.21,-1575.93,-1325.21,4226.36,2.56,527
354,42,-166,7.25,1.46,-6.26,-1174.79,-594.56,2657.59,2.56,527
355,42,-166,7.01,0.84,-6.41,-838.11,125.36,1618.91,2.56,527
357,43,-167,7.48,0.72,-6.17,-608.88,361.75,2625.36,2.56,527
359,43,-168,7.08,-0.02,-5.88,-103.87,809.46,2045.13,2.56,527
21,44,-169,6.49,0.3,-5.41,358.17,1042.26,1411.17,2.56,527
19,45,-170,6.14,0.23,-5,755.73,1110.32,1672.64,2.56,527
15,46,-172,6.29,-0.33,-4.19,1074.5,1117.48,2990.69,2.56,527
12,47,-175,5.16,-2.7,-3.88,1518.62,1217.77,4537.97,2.56,527
6,47,179,7.26,-3.05,-2.92,2149,1214.18,5856.02,2.56,527
357,48,171,9.5,-8.79,-3.44,3338.11,1658.31,7944.13,2.56,527
345,49,162,6.57,-5.74,-4.58,6131.81,3219.91,6232.09,2.56,527
336,49,154,8.54,-8.13,-4.63,7324.5,3169.77,8252.15,2.56,527
321,47,140,4.92,-4.12,-3.16,9269.34,3141.12,11805.16,2.57,527
303,41,126,6.75,-5.02,-2.41,10268.62,1475.64,15351,2.56,527
289,35,114,7.73,-4.26,-2.54,12191.98,2510.74,8789.4,2.56,527
282,32,106,10.22,-7.36,-3.13,12514.33,3402.58,8098.14,2.56,528
274,27,95,7.25,-12.83,-5.68,12804.44,4305.16,7815.19,2.56,528
268,23,85,7.03,-9.76,-1.57,13255.73,4649,7134.67,2.56,528
264,18,75,2.57,-9.14,1.83,11873.21,4953.44,4383.95,2.57,528
262,15,69,3.79,-8.55,5.47,9824.5,3499.28,5537.25,2.56,528
259,11,63,4.37,-12.87,6.93,9029.37,3065.9,5397.56,2.56,528
256,7,58,5.82,-10.42,4.2,7886.82,3055.16,5150.43,2.56,528
252,2,54,-0.84,-5.2,7.53,4355.3,698.42,7761.46,2.54,528
249,0,52,-2.03,-6.44,7.44,2292.26,35.82,4083.09,2.56,528
247,-1,52,-1.4,-3.04,10.56,-222.06,-272.21,139.68,2.56,528
248,0,54,1.43,-4.77,7.67,-4473.5,-476.36,-2578.8,2.56,528
250,2,58,-1.34,-5.26,5.42,-7206.3,-870.34,-4308.74,2.56,528
253,4,62,-0.07,-6.87,2.59,-8391.83,-1558.02,-4871.06,2.56,528
256,8,67,1.09,-7.72,1.86,-7965.62,-1522.21,-5533.67,2.55,528
259,11,72,1.64,-8.78,1.76,-6056.59,-1368.19,-4974.93,2.56,528
261,13,75,8.13,-11.86,2.51,-3223.5,-436.96,-626.79,2.56,528
261,13,76,1.8,-11,4.36,680.52,1113.9,1862.46,2.56,528
260,11,74,0.57,-12.75,3.15,3277.22,1665.47,2861.75,2.56,528
258,9,70,1.07,-10.61,3.3,7170.49,2084.53,2682.66,2.56,528
257,7,64,1.88,-8.65,4.49,8513.61,1830.23,2560.89,2.56,528
256,5,60,0.51,-7.62,5.39,7908.31,1737.11,3699.86,2.56,528
253,2,55,1.26,-5.4,5.9,7392.55,1192.69,4978.51,2.56,528
251,0,49,12.41,-30.9,-16.72,12306.59,-1575.93,-2059.46,2.56,528
252,0,53,1.93,-12.11,7.18,-1873.21,-1117.48,-2471.35,2.56,528
251,0,53,-0.73,-6.65,9.48,-555.16,-1314.47,-752.15,2.56,528
251,2,54,0.88,-4.9,8.49,-2363.9,-1737.11,-2127.51,2.56,528
253,5,57,1.08,-5.41,6.43,-5111.03,-1909.03,-4040.11,2.57,528
260,13,69,1.64,-6.85,1.15,-8334.53,-2718.48,-5684.1,2.56,529
263,18,75,0.14,-6.85,1.17,-7277.94,-3008.6,-5730.66,2.56,529
268,23,83,1.8,-12.61,2.5,390.4,-103.87,2560.89,2.57,529
266,21,82,3.72,-11.18,0.82,1661.89,128.94,3248.57,2.56,529
262,17,79,2.71,-9.56,2.86,830.95,254.3,1747.85,2.56,529
262,16,79,2.61,-6.54,3.49,-1149.71,-386.82,-712.75,2.56,529
263,17,80,3.8,-6.62,1.79,-3083.81,-1131.81,-2417.62,2.56,529
265,19,83,3.49,-8.27,1.33,-3932.66,-1393.27,-2643.27,2.56,529
268,21,86,3.91,-9.53,1.24,-3628.22,-1504.3,-2542.98,2.56,529
269,22,88,4.67,-9.76,1.3,-1747.85,-1207.02,-1783.67,2.55,529
270,23,88,5.32,-9.31,0.93,1443.41,71.63,-100.29,2.56,529
270,23,86,4.98,-8.69,0.72,3610.32,1371.78,1267.91,2.56,529
267,20,81,3.63,-8.6,1.74,6138.97,2360.32,3399,2.56,529
265,17,76,2.46,-8.61,2.64,7274.36,2962.03,3875.36,2.56,529
263,15,72,2.56,-8.96,3.83,7088.11,2560.89,4666.91,2.56,529
260,11,66,1.97,-8.75,4.28,7575.21,2227.79,4534.38,2.56,529
258,8,61,0.56,-7.75,5.16,7095.27,1952.01,3893.27,2.56,529
256,6,58,-1.76,-8.14,6.82,6207.02,1866.05,3098.14,2.56,529
253,3,55,0.58,-3.69,9.3,4580.95,497.85,3843.12,2.54,529
253,3,53,1.16,-5.28,7.31,1454.15,590.97,-25.07,2.56,529
253,2,53,-0.91,-9.28,6.24,-748.57,107.45,590.97,2.57,530
253,2,53,-2.11,-8.2,7.36,-1368.19,-601.72,351,2.56,530
253,3,55,-1.35,-6.48,7.93,-2220.63,-1812.32,-189.83,2.56,530
252,4,57,2.39,-5.12,6.09,-3796.56,-2500,-659.03,2.56,530
253,5,59,0.4,-5.57,3.65,-4989.25,-2141.83,-2037.97,2.57,530
254,7,63,3.06,-5.41,3.93,-5501.43,-2098.85,-1948.42,2.56,530
255,9,67,4.45,-8.13,2.87,-4957.02,-924.07,-2750.72,2.54,530
257,10,69,2.06,-10.89,3.54,-3047.99,207.74,-1081.66,2.56,530
258,10,70,1.78,-10.85,4.23,-3.58,1138.97,-243.55,2.56,530
258,10,69,1.62,-9.81,5.21,2041.55,1493.55,1081.66,2.56,530
258,8,66,2.92,-10.21,4.93,4760.03,2410.46,1815.9,2.54,530
257,6,62,1.66,-7.98,5.2,6507.88,2489.26,1962.75,2.56,530
257,5,59,0.39,-8.79,4.97,5752.15,2682.66,2840.26,2.57,530
255,2,55,0.65,-6.45,6.62,5494.27,2457.02,3162.61,2.56,530
255,2,55,28.51,-32.7,-15.73,-18646.13,906.16,-530.09,2.55,530
255,1,54,-3.53,-6.38,4.66,265.04,-644.7,136.1,2.56,530
254,1,54,-0.08,-8.2,8.32,-834.53,-1389.68,50.14,2.56,530
255,2,55,1.63,-6.5,9.69,-2052.29,-1787.25,-1529.37,2.56,530
255,4,58,2.39,-7.22,8.32,-4086.68,-2030.8,-2639.68,2.56,530
258,8,61,3.97,-7.91,6.53,-5924.07,-1704.87,-5845.27,2.56,530
262,11,65,3.98,-7.77,5.4,-7492.84,-1780.09,-9050.86,2.56,530
268,18,70,4.11,-7.95,3.06,-8545.85,-2349.57,-10318.77,2.56,530
276,25,76,3.16,-8.8,0.96,-9358.88,-3560.17,-10214.9,2.56,530
283,32,83,2.44,-8.05,-0.73,-9409.03,-5114.61,-8062.32,2.56,530
286,36,90,4.46,-6.11,-0.88,-9305.16,-6146.13,-5823.78,2.56,530
291,39,99,4.07,-5.32,-1.97,-8699.86,-5906.16,-6772.92,2.56,530
296,42,109,4.19,-6.26,-1.99,-8030.09,-5813.04,-4358.88,2.56,531
300,43,118,3.72,-3.72,-1.09,-6758.6,-5146.85,-4290.83,2.56,531
303,43,124,6.05,-7.26,-1.51,-5121.78,-4505.73,-4025.79,2.56,531
307,44,131,11.2,-10.8,-2.38,-3234.24,-2983.52,-5426.22,2.56,531
310,46,135,12.11,-9.47,-6.23,-286.53,-934.81,-3388.25,2.56,531
309,46,134,3.25,-3.46,-2.59,1242.84,626.79,2378.22,2.56,531
307,45,133,8.99,-4.96,-4.34,1762.18,522.92,1805.16,2.55,531
305,45,131,5.79,-4.08,-3.56,1672.64,909.74,583.81,2.57,531
304,44,129,6.6,-4.08,-3.36,547.99,415.47,827.36,2.56,531
304,44,129,6.92,-4.57,-3.39,-236.39,53.72,300.86,2.57,531
304,44,129,7.58,-5.3,-3.45,-777.22,-161.17,576.65,2.56,531
304,44,130,8.27,-5.52,-3.38,-773.64,-71.63,286.53,2.57,531
305,44,130,7.03,-6.19,-3.84,-626.79,136.1,-372.49,2.57,531
306,44,130,7.47,-5.87,-3.6,-415.47,42.98,64.47,2.57,531
306,44,131,6.59,-5.61,-3.67,-250.72,103.87,-476.36,2.56,531
306,44,131,5.87,-5.7,-3.42,-257.88,-139.68,107.45,2.57,531
306,44,131,6.77,-5.71,-3.52,-261.46,-479.94,648.28,2.56,531
306,43,131,6.46,-5.89,-3.78,-64.47,-447.71,214.9,2.57,531
305,43,131,7.43,-6.08,-3.62,-3.58,-626.79,924.07,2.55,531
304,43,131,7.3,-5.96,-3.55,282.95,-361.75,-7.16,2.56,531
303,42,131,6.69,-5.82,-3.48,386.82,-376.07,286.53,2.56,531
302,42,130,7.02,-5.49,-3.28,479.94,-343.84,96.7,2.57,531
302,42,130,6.84,-5.59,-3.53,358.17,-404.73,411.89,2.56,531
301,42,130,7.3,-5.58,-3.5,361.75,-333.09,243.55,2.56,531
300,42,130,7.21,-5.99,-3.88,379.66,-189.83,-89.54,2.56,531
300,41,130,7.22,-5.73,-3.47,429.8,-118.19,-60.89,2.57,531
300,42,130,6.63,-5.79,-3.56,426.22,-132.52,-82.38,2.55,531
299,42,129,6.78,-6,-3.47,379.66,-218.48,0,2.56,532
298,42,129,7.08,-6.12,-3.59,436.96,-282.95,-93.12,2.56,532
297,41,128,6.95,-6.22,-3.87,476.36,-411.89,322.35,2.57,532
297,41,128,6.47,-5.58,-3.42,623.21,-415.47,28.65,2.55,532
296,41,128,6.09,-5.72,-3.57,619.63,-494.27,-537.25,2.56,532
296,41,128,6.67,-5.95,-4.16,705.59,-648.28,-913.32,2.57,532
295,42,129,7.09,-4.97,-4.58,848.85,-744.99,-1124.64,2.55,532
295,42,129,7.47,-4.39,-5.85,641.12,-1027.94,-648.28,2.56,532
293,41,129,8.01,-3.72,-6.77,200.57,-1565.19,179.08,2.56,532
292,40,130,6.18,-2.25,-8.56,-727.08,-2414.04,-791.55,2.56,532
293,40,134,0.86,-1.1,-9.17,-2453.44,-4473.5,-2550.14,2.56,532
293,38,138,3.12,-2.02,-10.19,-4820.92,-7940.54,-2704.15,2.56,532
293,35,146,9.01,-2.76,-8.71,-6339.54,-9502.15,-3359.6,2.55,532
6,31,155,14.14,-3.83,-5.63,-7342.41,-9344.56,-5361.75,2.56,532
3,27,163,19.88,-6.34,-1.01,-7757.88,-7027.22,-3610.32,2.55,532
1,25,168,24.82,-8.21,4.52,-6346.71,-1823.07,-3821.63,2.56,532
1,26,172,27.03,-11.09,2.82,-4892.55,2933.38,-702.01,2.54,532
3,31,173,27.43,-12.54,-0.15,-1647.56,9781.52,2883.24,2.56,532
5,40,170,25.65,-14.09,-8.17,3087.39,17095.27,2521.49,2.55,532
340,49,163,21.73,-12.73,-18.24,7578.8,22825.93,5927.65,2.56,532
332,61,138,18.34,-11.73,-22.14,10920.49,25218.48,10580.23,2.54,532
320,60,92,15.95,-11.58,-23,16074.5,25805.87,16837.39,2.56,532
309,45,59,15.78,-8.62,-21.08,21966.33,25361.75,15050.14,2.54,532
302,31,43,0.88,0.89,-16.01,24917.62,22754.3,18284.38,2.56,532
288,13,27,4.03,5.13,-6.02,24903.29,16149.71,21762.18,2.56,532
275,1,12,5.76,7.87,1.44,22073.78,9036.53,15702.01,2.56,532
276,-5,1,-20.44,-10.26,8.96,8230.66,10308.02,-7983.52,2.55,532
273,-9,-3,-0.45,-8.05,4.81,7557.31,4412.61,8839.54,2.56,533
271,-12,-9,-5.51,-0.32,3.69,9083.09,5250.72,-870.34,2.54,533
270,-14,-15,-1.89,2.44,5.37,7073.78,2782.95,3116.05,2.56,533
269,-15,-19,-0.31,4.55,6.82,5157.59,2611.03,1457.74,2.54,533
268,-17,-21,-4.85,4.63,7.06,3065.9,2729.23,1568.77,2.56,533
266,-17,-24,-1.03,3.35,5.47,1479.23,1482.81,4366.05,2.54,533
264,-17,-25,-4.93,4.88,6.94,1149.71,1873.21,2098.85,2.56,533
262,-17,-26,-0.35,5.95,6.97,329.51,608.88,3839.54,2.55,533
261,-17,-27,-3.15,4.57,8.74,-42.98,1224.93,1106.73,2.56,533
259,-17,-27,-2.74,4.3,7.55,-340.26,777.22,1776.5,2.55,533
258,-17,-27,-4.49,4.11,7.8,-426.22,236.39,1665.47,2.56,533
257,-16,-27,-2.8,5.65,6.24,-333.09,-426.22,1418.34,2.56,533
256,-15,-27,-2.19,6.24,7.74,-490.69,-856.02,1289.4,2.56,533
258,-15,-27,-2.26,4.75,7.85,-458.45,-848.85,325.93,2.56,533
259,-14,-27,-1.92,4.44,7.69,-132.52,-1053.01,-71.63,2.56,533
259,-13,-27,-1.98,5.43,7.64,-100.29,-888.25,143.27,2.56,533
263,-9,-23,-1.85,12.98,6.9,-3169.77,-1848.14,1174.79,2.56,533
265,-9,-21,-2.74,10.77,8.91,-4638.25,-1840.97,-4595.27,2.56,533
271,-5,-6,0.23,-1.2,5.3,-4677.65,-551.58,-5411.89,2.56,533
274,-5,-4,-1.76,-2.05,6.99,-3850.29,-1697.71,-981.38,2.56,534
273,-4,-2,0.9,0.36,8.67,-3907.59,-2213.47,2979.94,2.56,534
272,-3,0,2.37,-0.08,11.23,-3427.65,-977.79,-7.16,2.56,534
272,-2,2,2.58,-1.14,10.9,-3202.01,-390.4,795.13,2.56,534
271,-2,4,1.07,-0.96,11.3,-2843.84,393.98,175.5,2.56,534
272,-3,5,-0.38,-1.63,10.75,-2217.05,909.74,-1740.69,2.56,534
273,-3,7,-0.57,-1.75,11.21,-2077.36,533.67,404.73,2.56,534
273,-4,8,-1.04,-1.35,11.11,-1558.02,490.69,-590.97,2.56,534
273,-4,9,-1.74,-1.58,11.21,-1396.85,325.93,-300.86,2.56,534
273,-4,10,-1.61,-1.31,10.88,-1192.69,150.43,-250.72,2.56,534
273,-4,10,-1.63,-2.13,10.34,-909.74,-257.88,-175.5,2.56,534
274,-4,11,-1.15,-2.11,10.01,-709.17,-419.05,297.28,2.56,534
275,-3,11,-1.32,-0.88,10.01,-361.75,-300.86,-562.32,2.56,534
275,-3,11,-0.72,0.08,9.94,-411.89,-522.92,229.23,2.56,534
275,-3,12,-1.45,-0.5,9.62,-433.38,-379.66,-530.09,2.56,534
276,-2,12,-1.32,-1.16,9.12,-376.07,-487.11,-508.6,2.56,534
276,-2,12,-0.69,-0.95,9.19,-304.44,-691.26,146.85,2.57,534
276,-2,12,-0.11,-0.74,9.75,-161.17,-698.42,365.33,2.56,534
276,-1,12,-0.39,-0.48,9.93,-60.89,-433.38,-239.97,2.57,534
277,-1,12,-0.19,-0.65,10.1,-179.08,-361.75,46.56,2.55,534
277,-1,12,-0.19,-0.99,9.55,-186.25,-236.39,-128.94,2.56,534
278,-1,12,-1.16,-1.5,9.26,-35.82,-35.82,-845.27,2.56,534
278,-1,12,-1.2,-1.49,9.15,50.14,-257.88,-236.39,2.57,534
278,0,12,-0.68,-1.03,9.54,46.56,-458.45,422.64,2.56,534
278,0,12,-0.29,-0.93,9.69,71.63,-422.64,218.48,2.56,534
278,0,12,0.02,-1.01,9.98,-17.91,-422.64,626.79,2.56,534
278,0,12,0.09,-1.22,10.15,46.56,-132.52,32.23,2.56,534
278,0,11,-0.06,-1.13,9.89,42.98,46.56,14.33,2.54,535
278,0,11,-0.36,-1.55,9.79,53.72,186.25,-175.5,2.56,535
278,0,11,-0.36,-2.04,9.5,118.19,207.74,-93.12,2.56,535
278,0,11,-0.86,-2.35,9.36,275.79,189.83,17.91,2.57,535
279,0,11,-1.03,-2.51,9.3,393.98,42.98,479.94,2.55,535
278,0,10,-0.2,-2.33,9.04,451.29,-146.85,1042.26,2.56,535
277,0,10,-0.82,-2.57,8.97,655.44,-71.63,612.46,2.56,535
277,0,9,-0.67,-2.97,8.51,852.44,-146.85,512.18,2.57,535
277,0,9,-1.45,-3.07,8.19,1149.71,-304.44,254.3,2.56,535
277,0,8,-0.6,-2.61,8.43,1339.54,-637.54,616.05,2.56,535
276,0,7,-1.52,-2.92,8.79,1325.21,-967.05,1486.39,2.56,535
275,0,6,0.01,-4.39,9.45,1475.64,-1421.92,2177.65,2.56,535
273,1,5,-0.11,-4.54,9.75,1823.07,-1690.54,3882.52,2.55,535
270,2,4,0.5,-2.23,9.78,2149,-1826.65,4072.35,2.56,535
267,3,3,-0.03,-0.93,9.31,2202.72,-1740.69,3402.58,2.56,535
265,4,2,0.47,2.29,9,1686.96,-1977.08,4319.48,2.57,535
262,5,1,1.92,3.34,8.78,343.84,-2546.56,6550.86,2.55,535
257,7,2,2.3,5.55,8.84,-587.39,-2650.43,6905.44,2.56,535
252,8,4,0.97,3.89,7.88,-2449.86,-2224.21,8395.42,2.56,535
247,9,6,2.94,1.81,7.2,-3058.74,-1622.49,6250,2.56,535
244,9,9,2.32,-1.61,5.94,-3857.45,-1300.14,7242.12,2.56,535
239,9,12,0.94,-2.57,6.26,-3886.1,-1178.37,8363.18,2.56,535
232,8,16,1.26,-2.51,6.1,-3832.38,-1407.59,10626.79,2.57,535
225,7,19,1.23,-1.48,7.32,-3595.99,-1289.4,10494.27,2.56,535
220,5,22,0.12,-3.31,7.64,-3452.72,-941.98,8771.49,2.56,535
214,4,24,-0.53,-4.45,8.11,-3259.31,-1070.92,8338.11,2.56,535
208,2,27,-0.23,-4.83,8.94,-3216.33,-1726.36,10401.15,2.56,536
200,0,29,0.25,-4.6,9.03,-3409.74,-2156.16,12077.36,2.56,536
193,-2,31,-2.41,-5.96,8.39,-2940.54,-1966.33,10042.98,2.56,536
187,-4,32,-1.85,-6.55,8.85,-2711.32,-2507.16,9409.03,2.56,536
179,-6,33,-1.77,-6.57,11.15,-2639.68,-3427.65,10949.14,2.56,536
170,-9,34,0.78,-10.85,13.1,-2861.75,-4036.53,12041.55,2.56,536
163,-10,34,2.64,-12.84,11.16,-2020.06,-4086.68,12636.1,2.56,536
154,-13,34,4.29,-7.7,10.8,-3148.28,-3818.05,11053.01,2.54,536
148,-15,34,2.33,-7.37,9.89,-1207.02,-447.71,4745.7,2.56,536
148,-15,34,-0.22,-6.93,7.79,537.25,-290.11,-805.87,2.54,536
148,-15,34,-0.51,-6.16,6.89,182.66,-612.46,884.67,2.56,536
147,-15,34,0.24,-5.86,7.12,-322.35,-734.24,2729.23,2.56,536
144,-16,33,-0.44,-5.72,6.81,-236.39,-447.71,1722.78,2.56,536
143,-16,33,-2.71,-5.64,6.97,78.8,-562.32,426.22,2.54,536
142,-16,33,-4.21,-7.04,6.24,-107.45,-1507.88,2449.86,2.56,536
138,-16,32,-2.91,-6.76,6.51,-533.67,-2353.15,5222.06,2.54,536
132,-16,32,-1.79,-10.84,6.94,-1669.05,-3667.62,7625.36,2.56,536
125,-16,29,-1.3,-20.61,4.74,2851,-8441.98,8803.72,2.56,536
118,-16,26,3.3,-5.52,10.03,1339.54,-6099.57,13735.67,2.56,536
108,-16,22,0.57,-7.86,6.66,1196.28,-5297.28,13395.42,2.55,536
98,-16,18,-0.41,-4.15,7.82,1633.24,-5426.22,14405.44,2.56,536
86,-15,14,-0.45,-0.91,9.6,50.14,-6103.15,17145.42,2.54,536
78,-14,12,0.94,-1.57,8.65,-583.81,-6189.11,16232.09,2.56,536
68,-12,9,-3.72,-4.96,5.9,1060.17,-5673.35,9376.79,2.54,536
64,-12,10,-1.78,-5.54,8.57,-2234.96,-1866.05,7539.4,2.56,536
55,-12,10,-0.5,-4.17,9.34,-3144.7,-2646.85,14573.78,2.56,536
47,-12,10,-1.78,-5.3,9.07,-2553.72,-2163.32,14011.46,2.56,536
39,-12,10,-2.58,-1.16,8.88,-1404.01,-1583.09,10580.23,2.56,537
31,-12,9,-3.26,-1.6,8.99,-1704.87,-1751.43,10526.5,2.54,537
24,-12,9,-2.77,-1.24,9.42,-1833.81,-2195.56,10429.8,2.56,537
19,-12,8,-1.69,-1.78,9.19,-1934.1,-2120.34,9136.82,2.57,537
13,-11,9,-1.22,-2.3,8.99,-1626.07,-1837.39,6962.75,2.56,537
9,-11,9,-1.67,-2.26,9.06,-1432.66,-1568.77,6142.55,2.54,537
5,-11,9,-3.11,-4.16,8.47,-1135.39,-1669.05,5659.03,2.56,537
1,-10,9,-2.18,-2.63,8.84,-924.07,-2149,6851.72,2.56,537
356,-9,8,-2.63,-2.67,9.41,-920.49,-2363.9,7123.93,2.56,537
352,-8,8,-1.6,-1.41,9.12,-537.25,-2267.19,5154.01,2.54,537
350,-7,8,-0.95,-1.03,8.91,-465.62,-1762.18,2990.69,2.56,537
348,-7,8,-0.12,-0.42,9.39,-540.83,-1364.61,2328.08,2.57,537
345,-6,8,-0.1,-2.35,10.23,-676.93,-1121.06,2170.49,2.56,537
342,-6,8,-0.96,-2.45,9.82,-519.34,-852.44,2131.09,2.56,537
340,-4,9,10.64,-9.62,21.11,-659.03,-3936.25,261.46,2.56,537
338,-4,9,-0.9,-2.07,10.87,290.11,318.77,-1525.79,2.56,537
338,-4,8,-1.08,-2.35,9.42,465.62,322.35,-2406.88,2.56,537
339,-4,8,-1.18,-1.29,9.63,318.77,125.36,-1310.89,2.56,537
339,-4,8,-1.83,-1.51,9.51,-93.12,-261.46,970.63,2.56,537
337,-4,8,-1.65,-2,9.41,-146.85,-447.71,1389.68,2.56,537
335,-4,8,-1.5,-1.63,9.52,-85.96,-451.29,1450.57,2.56,537
333,-4,8,-1.34,-1.18,9.61,-118.19,-487.11,1439.83,2.56,537
332,-4,8,-0.96,-1.8,9.55,-28.65,-347.42,827.36,2.56,537
331,-3,8,-0.84,-1.49,9.61,103.87,-164.76,168.34,2.56,537
330,-3,8,-1.05,-1.7,9.54,114.61,-100.29,-25.07,2.56,537
330,-3,8,-1,-1.85,9.53,121.78,-89.54,46.56,2.56,537
330,-3,8,-1.11,-1.32,9.62,150.43,-53.72,50.14,2.56,537
329,-3,8,-1.06,-1.63,9.58,118.19,-25.07,21.49,2.56,538
329,-3,8,-1.02,-1.52,9.56,150.43,14.33,-103.87,2.56,538
328,-3,8,-1.01,-1.39,9.61,125.36,25.07,57.31,2.56,538
328,-3,8,-0.91,-1.29,9.64,121.78,60.89,-35.82,2.56,538
328,-4,8,-1.15,-1.23,9.62,93.12,85.96,-71.63,2.56,538
328,-4,7,-1.19,-1.4,9.58,85.96,111.03,-150.43,2.56,538
328,-4,7,-1.49,-1.47,9.53,53.72,96.7,-21.49,2.54,538
328,-4,7,-1.5,-1.59,9.52,64.47,46.56,-14.33,2.56,538
327,-4,8,-1.54,-1.47,9.52,57.31,-17.91,82.38,2.56,538
327,-5,8,-1.58,-1.44,9.55,46.56,-96.7,186.25,2.56,538
327,-5,8,-1.58,-1.32,9.54,60.89,-125.36,82.38,2.54,538
327,-5,7,-1.27,-1.29,9.6,25.07,-211.32,222.06,2.56,538
327,-5,7,-1.19,-1.18,9.62,-10.74,-229.23,372.49,2.56,538
326,-5,7,-1.11,-1.18,9.62,-50.14,-229.23,379.66,2.57,538
326,-5,7,-0.77,-1.42,9.64,-57.31,-182.66,214.9,2.56,538
326,-5,7,-0.94,-1.19,9.66,-3.58,-111.03,-82.38,2.56,538
326,-5,7,-0.8,-1.46,9.62,-53.72,-93.12,53.72,2.56,538
326,-5,8,-0.86,-1.53,9.58,-50.14,-32.23,0,2.57,538
326,-5,8,-0.95,-1.56,9.6,-28.65,14.33,-28.65,2.56,538
326,-5,8,-0.98,-1.61,9.58,-25.07,25.07,0,2.56,538
326,-5,8,-0.98,-1.56,9.56,14.33,39.4,-7.16,2.56,538
326,-5,8,-1.11,-1.57,9.58,39.4,42.98,-14.33,2.56,538
326,-5,8,-1.16,-1.45,9.58,57.31,46.56,17.91,2.57,538
