z,y,x,ax,ay,az,gx,gy,gz,b,c
71,-4,11,-0.71,-1.88,9.43,14.33,107.45,10.74,2.57,248
71,-4,11,-0.92,-2.02,9.42,-10.74,125.36,-71.63,2.57,248
71,-4,11,-0.87,-2.07,9.43,-3.58,118.19,-75.21,2.56,248
71,-4,11,-0.90,-1.88,9.43,-10.74,93.12,-21.49,2.57,248
71,-4,11,-1.01,-1.90,9.43,-35.82,60.89,-114.61,2.56,248
71,-4,11,-0.70,-1.94,9.46,-68.05,28.65,-3.58,2.56,248
71,-4,12,-0.98,-2.11,9.43,-53.72,39.40,-46.56,2.57,248
71,-4,12,-1.13,-2.05,9.41,-50.14,-25.07,-28.65,2.56,248
71,-4,12,-1.03,-2.04,9.44,-60.89,-71.63,-75.21,2.57,248
71,-4,12,-0.77,-2.05,9.42,-75.21,-118.19,14.33,2.56,248
71,-4,12,-0.71,-2.22,9.39,-53.72,-121.78,-57.31,2.56,248
71,-4,12,-0.47,-2.28,9.41,-39.40,-128.94,75.21,2.56,248
71,-4,12,-0.56,-2.25,9.42,-3.58,-100.29,35.82,2.57,248
71,-3,12,-0.67,-1.59,9.50,100.29,128.94,64.47,2.56,248
71,-4,12,-0.68,-1.46,9.53,7.16,107.45,50.14,2.56,248
72,-4,12,-0.53,-1.94,9.44,-50.14,207.74,-265.04,2.57,248
72,-4,12,-0.18,-1.99,9.50,-78.80,229.23,-250.72,2.57,248
72,-4,12,-0.30,-2.35,9.40,14.33,401.15,-1142.55,2.56,248
73,-4,12,-0.62,-2.33,9.38,71.63,458.45,-1307.31,2.57,249
74,-4,12,-0.79,-2.70,9.34,82.38,440.54,-820.20,2.57,249
74,-4,12,-1.23,-2.70,9.32,143.27,386.82,-598.14,2.56,249
74,-4,12,-0.62,-2.35,9.42,132.52,275.79,293.70,2.56,249
74,-5,12,-1.07,-2.75,9.34,243.55,347.42,-164.76,2.57,249
74,-5,12,-0.72,-2.12,9.40,308.02,325.93,-146.85,2.57,249
75,-5,11,-0.45,-1.47,9.49,308.02,386.82,-236.39,2.56,249
75,-5,11,-1.10,-1.91,9.40,393.98,616.05,-1869.63,2.56,249
77,-5,11,-0.77,-1.67,9.46,433.38,659.03,-2467.77,2.56,249
79,-5,11,-0.46,-1.85,9.46,415.47,773.64,-2818.77,2.57,249
81,-6,11,-0.73,-2.16,9.45,454.87,895.42,-3237.82,2.56,249
83,-6,11,-0.68,-1.83,9.46,422.64,906.16,-2843.84,2.56,249
85,-6,11,-0.79,-2.11,9.42,379.66,913.32,-2489.26,2.56,249
86,-6,11,-1.47,-2.57,9.30,358.17,877.51,-1880.37,2.57,249
87,-6,11,-1.89,-2.41,9.31,393.98,748.57,-1389.68,2.57,249
88,-7,10,-2.18,-2.92,9.23,490.69,659.03,-1436.25,2.56,249
89,-7,10,-2.19,-2.05,9.32,641.12,522.92,-1622.49,2.56,249
90,-7,10,-2.40,-1.84,9.32,623.21,358.17,-1178.37,2.56,249
91,-7,10,-2.45,-1.60,9.36,512.18,75.21,-164.76,2.57,249
91,-7,9,-3.12,-0.65,9.42,426.22,-146.85,3.58,2.56,249
91,-7,9,-2.49,-0.63,9.45,308.02,-308.02,-601.72,2.56,249
92,-7,9,-1.67,0.54,9.65,436.96,-207.74,-3506.45,2.57,249
95,-6,9,-1.78,0.66,9.62,415.47,-3.58,-6038.68,2.57,249
101,-5,9,-0.57,-0.84,9.60,497.85,164.76,-8997.13,2.56,249
107,-4,10,0.55,-1.78,9.53,619.63,361.75,-10304.44,2.57,249
112,-3,10,1.48,-2.39,9.57,619.63,479.94,-9280.09,2.57,249
119,-3,10,1.40,-3.40,9.47,694.84,655.44,-8667.62,2.57,250
124,-2,9,-0.04,-3.17,9.40,813.04,752.15,-7303.01,2.57,250
127,-2,9,-0.38,-2.73,9.43,859.60,555.16,-4820.92,2.56,250
130,-2,9,-0.27,-2.85,10.86,752.15,268.62,-1737.11,2.57,250
130,-2,8,-0.42,-2.12,11.13,1053.01,68.05,-261.46,2.56,250
131,-2,7,0.70,-1.04,10.97,1418.34,32.23,-1837.39,2.56,250
132,-2,7,-0.13,-0.32,11.18,1339.54,171.92,-3037.25,2.56,250
134,-2,6,0.58,0.27,10.64,1142.55,75.21,-2718.48,2.57,250
136,-2,5,0.61,-0.59,10.32,805.87,50.14,-2292.26,2.57,250
137,-1,5,1.31,-0.83,10.05,723.50,100.29,-2825.93,2.57,250
139,-1,4,1.19,-0.69,8.81,594.56,186.25,-2679.08,2.56,250
141,-1,4,0.90,-1.24,8.66,522.92,272.21,-2818.77,2.57,250
143,-1,4,0.77,-0.89,8.06,494.27,300.86,-2933.38,2.57,250
145,-1,4,0.36,0.07,7.79,268.62,279.37,-2718.48,2.57,250
146,-2,4,0.56,-0.48,8.62,0.00,293.70,-3685.53,2.57,250
149,-1,4,-0.94,-1.46,9.71,-89.54,315.19,-5111.03,2.57,250
153,-1,4,-0.10,-1.76,9.33,-89.54,46.56,-6042.26,2.57,250
157,-1,4,0.54,-2.57,9.04,-146.85,-132.52,-4935.53,2.56,250
160,-1,4,0.77,-1.85,9.02,-42.98,-211.32,-4383.95,2.56,250
162,0,4,0.10,-1.32,10.36,-53.72,-161.17,-5351.00,2.57,250
166,0,4,-0.84,-1.12,10.10,-200.57,-261.46,-5644.70,2.56,250
169,0,5,-0.43,-0.52,9.56,-655.44,-641.12,-4129.66,2.56,250
171,1,5,-0.33,-0.60,8.36,-1285.82,-916.91,-2457.02,2.57,250
173,1,6,0.15,-0.50,8.50,-1719.20,-974.21,-1991.40,2.56,250
174,2,8,0.08,-0.65,8.49,-2170.49,-838.11,-3094.56,2.57,250
177,3,9,0.36,-0.48,8.35,-2553.72,-626.79,-5487.11,2.56,250
182,4,10,0.91,-1.55,8.57,-2962.03,-433.38,-7668.34,2.56,250
186,5,12,1.47,-3.25,8.47,-3287.97,-401.15,-7535.82,2.56,251
191,6,14,1.65,-3.44,9.14,-3649.71,-329.51,-5465.62,2.56,251
194,7,16,2.12,-2.80,10.04,-3946.99,17.91,-4763.61,2.56,251
198,8,18,1.45,-3.55,9.87,-4416.19,440.54,-4401.86,2.57,251
200,8,20,1.35,-4.20,9.44,-4756.45,673.35,-4559.46,2.56,251
204,9,23,0.82,-4.08,10.83,-5057.31,748.57,-4881.81,2.56,251
208,10,26,0.56,-4.62,9.87,-5748.57,214.90,-4799.43,2.56,251
210,11,29,1.08,-3.98,7.85,-6744.27,1106.73,-3287.97,2.57,251
213,12,33,2.16,-5.49,6.88,-6540.11,372.49,-3169.77,2.56,251
217,13,37,2.88,-8.73,6.77,-6375.36,737.82,-4126.07,2.56,251
221,15,40,2.79,-10.20,6.32,-5619.63,755.73,-4595.27,2.56,251
223,16,42,2.63,-8.50,5.95,-5064.47,716.33,-3388.25,2.57,251
227,17,45,2.88,-5.19,5.73,-5053.73,873.93,-3488.54,2.56,251
231,19,48,5.40,0.49,6.70,-5243.55,1221.35,-5411.89,2.56,251
236,21,51,3.50,-6.92,5.54,-5909.74,1479.23,-6468.48,2.56,251
240,23,53,2.58,-8.83,5.75,-6020.77,1020.77,-3828.80,2.57,251
245,24,56,5.05,-3.58,4.69,-5795.13,999.28,-4380.37,2.56,251
252,29,58,6.18,-1.70,4.05,-5945.56,1801.58,-10941.98,2.57,251
261,34,59,-0.11,-2.66,3.69,-6751.43,1031.52,-8875.36,2.56,251
266,37,62,0.75,-5.71,3.02,-6966.33,-859.60,-4362.46,2.57,251
270,40,66,8.93,-4.34,1.45,-6210.60,-974.21,-3742.84,2.56,251
276,44,68,9.40,-5.84,1.76,-4527.22,239.97,-7865.33,2.57,251
284,48,68,10.69,-6.55,2.50,-3510.03,1579.51,-6515.04,2.56,251
287,50,67,15.80,-5.51,0.36,-2374.64,3563.75,-1325.21,2.57,251
288,47,66,10.84,-8.52,0.87,-2234.96,4799.43,7084.53,2.56,251
283,39,67,6.18,-7.60,2.83,-225.64,5512.18,8617.48,2.56,251
283,36,64,6.54,-7.69,2.53,1106.73,6103.15,2063.04,2.56,251
283,33,62,5.71,-5.24,4.46,605.30,5085.96,2614.61,2.56,252
283,30,61,5.83,-4.65,5.96,-440.54,4201.29,2962.03,2.56,252
285,29,60,4.87,-6.41,5.94,-1708.45,3463.47,-1181.95,2.56,252
286,28,61,4.88,-6.20,4.82,-2979.94,2202.72,-232.81,2.56,252
288,28,62,3.33,-5.71,3.75,-3517.19,1364.61,-3248.57,2.57,252
291,29,64,2.61,-6.88,3.86,-4075.93,282.95,-981.38,2.56,252
292,30,67,3.84,-6.64,3.66,-3757.16,-522.92,-959.89,2.56,252
294,30,69,3.30,-5.75,3.23,-3133.95,-744.99,-32.23,2.56,252
293,30,71,5.57,-7.85,3.94,-2027.22,-540.83,232.81,2.57,252
293,29,72,5.28,-8.28,4.28,-1138.97,-325.93,2947.71,2.57,252
291,27,73,4.42,-8.33,3.40,-64.47,293.70,2106.02,2.56,252
290,27,73,5.72,-8.99,1.98,-89.54,315.19,497.85,2.57,252
290,26,73,5.82,-5.90,1.50,-1661.89,-386.82,784.38,2.57,252
291,27,75,3.83,-5.97,0.84,-3441.98,-787.97,-2883.24,2.57,252
294,30,79,2.62,-7.78,-0.68,-5662.61,-2159.74,-3599.57,2.56,252
297,32,84,4.76,-7.96,-2.05,-6060.17,-3062.32,-4197.71,2.56,252
300,34,87,4.44,-7.31,-1.49,-4842.41,-3015.76,-2700.57,2.57,252
302,36,91,6.60,-6.86,0.05,-3223.50,-2299.43,-2679.08,2.56,252
302,36,93,7.24,-7.73,0.12,-952.72,-737.82,1572.35,2.57,252
300,34,92,7.37,-11.03,-0.90,2170.49,1257.16,3839.54,2.56,252
295,30,88,4.99,-9.61,-1.31,5633.95,2761.46,6611.75,2.56,252
292,27,84,2.34,-9.52,-1.95,8313.04,3137.54,7489.25,2.57,252
286,21,77,3.35,-9.43,-1.58,9817.33,2671.92,8535.10,2.57,252
279,15,70,2.77,-8.16,2.04,10845.27,1404.01,9315.90,2.56,252
274,11,65,13.07,-8.63,3.63,10877.51,644.70,7786.53,2.57,252
269,6,58,2.72,-7.49,4.71,10562.32,1672.64,7535.82,2.57,252
264,2,52,-2.32,-6.72,7.47,9122.49,949.14,6543.70,2.56,253
260,-1,46,-1.65,-8.82,8.02,8073.07,-161.17,6038.68,2.57,253
258,-1,41,-0.31,-38.86,11.10,-22310.17,8467.05,-5952.72,2.57,253
260,-1,45,3.18,-6.61,8.10,-691.26,322.35,-2281.52,2.56,253
260,-2,45,1.68,-6.18,6.98,-7.16,60.89,-146.85,2.57,253
260,-1,45,-0.20,-7.27,6.81,-100.29,351.00,-411.89,2.56,253
261,-1,45,-0.01,-6.11,6.98,-39.40,225.64,89.54,2.56,253
261,-2,45,-1.01,-6.86,6.77,-143.27,214.90,265.04,2.57,253
261,-2,45,-0.23,-6.09,6.96,-82.38,146.85,-236.39,2.56,253
261,-2,45,-0.43,-6.70,6.88,-222.06,50.14,-171.92,2.56,253
261,-2,45,0.92,-6.80,6.94,-154.01,85.96,-547.99,2.56,253
261,-1,45,-0.50,-6.97,6.79,-196.99,118.19,175.50,2.56,253
261,-2,45,-0.76,-7.31,6.75,-189.83,32.23,-14.33,2.56,253
261,-1,45,-0.55,-7.08,6.77,-68.05,0.00,-186.25,2.56,253
262,-1,45,0.91,-5.86,7.04,-53.72,-35.82,-114.61,2.57,253
262,-2,45,-1.36,-8.37,6.77,594.56,325.93,0.00,2.56,253
262,-1,45,-2.67,-3.29,9.80,175.50,-598.14,630.37,2.57,253
266,7,59,3.06,-9.82,4.45,-6439.83,-1457.74,-5239.97,2.55,253
269,9,63,1.90,-8.59,5.10,-6762.18,-1436.25,-5830.95,2.56,254
273,14,67,1.19,-7.86,4.83,-7449.86,-1729.94,-5952.72,2.56,254
277,18,73,2.99,-6.70,3.26,-8019.34,-2199.14,-6300.14,2.57,254
284,24,78,4.29,-5.69,1.65,-7976.36,-2127.51,-9849.57,2.57,254
290,29,82,2.27,-5.79,0.13,-7800.86,-2449.86,-10619.63,2.57,254
297,36,88,2.77,-4.58,-0.91,-7217.05,-3144.70,-9473.50,2.56,254
304,41,95,4.47,-2.02,-0.65,-6486.39,-3341.69,-7106.02,2.56,254
308,44,100,9.95,-7.96,-1.06,-5762.89,-2768.62,-3377.51,2.57,254
311,45,105,9.89,-7.34,-1.60,-4075.93,-1053.01,-2374.64,2.56,254
315,47,107,10.93,-11.19,-0.90,-1439.83,712.75,-1436.25,2.56,254
313,45,105,5.83,-11.65,-1.56,1475.64,1898.28,5508.60,2.56,254
308,41,102,7.09,-7.90,-3.17,2496.42,522.92,9641.83,2.57,254
303,37,99,7.71,-4.46,-1.27,2754.30,906.16,3330.95,2.56,254
302,36,98,5.63,-3.10,-0.61,479.94,68.05,426.22,2.56,254
302,36,99,3.71,-5.53,-1.08,-1987.82,-1153.30,-974.21,2.57,254
303,36,101,5.24,-7.92,-3.21,-2858.17,-1944.84,-232.81,2.56,254
303,36,104,6.66,-8.47,-3.00,-2388.97,-1969.91,-121.78,2.56,254
302,35,106,8.60,-7.91,-2.63,-1095.99,-1017.19,472.78,2.57,254
302,35,106,8.59,-7.94,-2.60,257.88,279.37,712.75,2.57,254
302,35,105,5.21,-7.54,-2.55,1042.26,1117.48,293.70,2.57,254
301,35,104,4.49,-7.07,-1.52,1232.09,1017.19,1031.52,2.56,254
301,34,103,5.19,-7.41,-1.78,830.95,508.60,1246.42,2.57,254
300,34,102,5.25,-6.88,-1.23,329.51,136.10,902.58,2.56,254
299,33,102,6.05,-7.37,-1.86,14.33,-50.14,1063.75,2.57,254
298,32,102,6.13,-7.09,-2.09,-46.56,21.49,433.38,2.56,254
298,32,102,6.18,-7.69,-2.40,50.14,75.21,347.42,2.57,254
298,32,102,5.64,-7.95,-2.12,354.58,200.57,164.76,2.56,254
298,32,101,5.34,-7.93,-2.15,544.41,89.54,547.99,2.56,255
297,32,101,5.22,-7.03,-1.29,762.89,25.07,28.65,2.56,255
297,32,100,4.78,-7.19,-1.21,537.25,-243.55,440.54,2.57,255
296,31,100,5.36,-6.92,-0.93,250.72,-318.77,-57.31,2.57,255
296,31,100,5.27,-7.60,-1.29,-39.40,-422.64,68.05,2.57,255
295,31,101,5.88,-7.19,-1.32,-257.88,-444.13,60.89,2.56,255
295,31,101,5.74,-7.56,-1.71,-404.73,-365.33,32.23,2.57,255
295,31,101,6.06,-7.55,-1.67,-308.02,-218.48,-243.55,2.57,255
295,31,102,5.59,-7.58,-1.87,-265.04,-132.52,-168.34,2.57,255
295,31,102,5.71,-7.69,-1.93,-128.94,-53.72,-136.10,2.57,255
296,32,102,5.74,-7.60,-1.92,-7.16,42.98,68.05,2.56,255
296,32,102,5.73,-7.51,-1.88,132.52,175.50,111.03,2.56,255
296,32,102,5.38,-7.15,-1.54,157.59,254.30,-25.07,2.57,255
296,32,102,5.37,-6.96,-1.32,82.38,286.53,14.33,2.57,255
297,32,101,5.19,-7.36,-1.22,-14.33,322.35,-268.62,2.56,255
297,32,101,5.26,-7.89,-1.43,-71.63,254.30,46.56,2.56,255
297,32,101,5.03,-8.04,-1.68,-28.65,297.28,-164.76,2.57,255
297,32,101,5.45,-7.91,-1.70,-28.65,211.32,322.35,2.57,255
297,32,101,5.47,-7.56,-1.79,-35.82,236.39,85.96,2.56,255
298,32,101,5.46,-7.63,-1.84,-111.03,225.64,196.99,2.56,255
298,32,101,5.72,-7.42,-1.84,-150.43,207.74,279.37,2.56,255
298,32,101,4.74,-7.19,-1.75,-157.59,189.83,128.94,2.56,255
298,32,101,4.47,-7.40,-1.30,93.12,28.65,168.34,2.57,255
298,32,101,3.51,-7.88,-1.16,676.93,25.07,-50.14,2.57,255
297,32,100,3.72,-7.19,0.14,1848.14,17.91,132.52,2.57,255
296,32,98,3.55,-6.76,0.45,3202.01,279.37,85.96,2.57,255
294,32,95,3.28,-8.03,-0.88,4212.03,368.91,2166.91,2.57,256
291,30,93,4.98,-6.89,0.28,5114.61,297.28,4792.26,2.56,256
286,27,89,4.38,-7.10,1.01,5780.80,759.31,3939.83,2.56,256
282,23,85,4.47,-8.49,0.74,6246.42,1099.57,4563.04,2.56,256
278,20,80,3.70,-9.30,0.80,6618.91,1364.61,4924.79,2.57,256
275,18,77,3.99,-10.08,1.78,6550.86,1210.60,4573.78,2.56,256
272,14,72,10.78,-12.23,-0.86,6468.48,1400.43,5225.64,2.56,256
269,12,68,-0.60,-8.84,4.76,6611.75,2188.40,3184.10,2.57,256
267,9,63,0.00,-10.08,4.24,6199.86,1343.12,3488.54,2.57,256
265,7,60,1.55,-6.99,4.08,6457.74,723.50,4283.67,2.56,256
262,4,56,1.91,-7.49,6.22,5945.56,619.63,3595.99,2.57,256
261,3,53,2.86,-8.96,5.41,5017.91,1232.09,2356.73,2.57,256
259,0,49,0.80,-5.72,6.85,4491.40,1558.02,1959.17,2.56,256
259,0,47,-0.16,-5.40,7.83,3108.88,1611.75,547.99,2.56,256
260,0,47,0.21,-3.27,11.92,114.61,1400.43,537.25,2.56,256
260,0,48,0.47,-7.60,6.85,-1497.13,139.68,401.15,2.57,256
261,0,49,-1.72,-8.78,7.70,-1844.56,-465.62,-1049.43,2.56,256
261,1,50,0.15,-6.57,8.71,-3244.99,-1135.39,-1887.54,2.57,256
262,2,53,1.44,-7.38,6.68,-5100.29,-1683.38,-2088.11,2.56,256
264,5,58,1.79,-7.52,6.11,-7521.49,-2020.06,-4276.50,2.56,256
267,9,64,3.70,-7.28,4.12,-9376.79,-2489.26,-6511.46,2.56,256
271,13,69,4.90,-8.80,1.78,-10325.93,-2671.92,-9455.59,2.57,256
278,20,75,4.24,-9.21,-0.92,-10408.31,-3273.64,-10447.71,2.56,256
284,27,83,3.62,-8.61,-1.81,-10179.08,-4376.79,-8395.42,2.57,256
290,32,92,2.04,-5.97,-2.74,-9426.93,-5139.68,-6038.68,2.57,256
294,35,100,1.42,-5.50,-1.79,-8162.61,-5265.04,-6346.71,2.57,256
297,38,106,4.72,-4.94,-0.12,-6522.21,-5257.88,-5186.25,2.56,256
299,38,113,5.18,-7.52,-0.54,-5633.95,-4856.73,522.92,2.56,257
298,36,118,10.62,-10.07,-1.89,-2929.80,-2657.59,146.85,2.56,257
298,36,119,10.77,-9.58,-3.75,39.40,-254.30,594.56,2.56,257
298,36,118,6.94,-7.14,-3.29,1930.52,1622.49,-770.06,2.57,257
298,37,116,3.96,-5.53,-2.65,1980.66,1532.95,415.47,2.56,257
298,37,114,3.48,-5.11,-2.37,1242.84,773.64,-154.01,2.56,257
298,37,114,5.11,-5.95,-2.97,368.91,-42.98,-447.71,2.57,257
297,37,114,8.59,-5.57,-5.13,-68.05,-669.77,662.61,2.57,257
297,37,115,7.64,-4.16,-8.02,-465.62,-1221.35,-1246.42,2.56,257
298,38,117,5.06,-3.32,-13.06,-1780.09,-2951.29,-3234.24,2.56,257
300,39,123,0.29,0.54,-13.32,-3911.17,-6253.58,-5809.46,2.57,257
301,39,130,1.91,0.34,-12.38,-6708.45,-9645.42,-5641.12,2.57,257
304,37,141,3.99,-1.77,-9.33,-8313.04,-10694.84,-5565.90,2.56,257
20,32,151,14.43,-8.95,-1.73,-9494.99,-9591.69,-1755.01,2.56,257
21,29,158,23.64,-15.42,4.46,-7919.05,-4158.31,569.48,2.56,257
23,28,161,27.35,-15.84,6.89,-4047.28,3517.19,2811.60,2.56,257
26,31,160,31.53,-20.29,3.50,-222.06,9484.24,4161.89,2.56,257
333,39,153,33.25,-23.05,-6.11,6386.10,17299.43,5390.40,2.57,257
332,47,140,30.10,-24.26,-22.13,14007.88,23785.82,6819.48,2.57,257
325,51,108,14.14,-17.09,-30.48,20354.58,25816.62,13997.13,2.56,257
314,41,72,3.49,-14.02,-29.28,28653.29,24448.42,15315.19,2.56,257
300,23,46,-2.75,-1.18,-25.80,33266.48,17790.12,18019.34,2.57,257
291,13,30,12.75,-0.24,-13.44,31973.50,11686.96,16647.56,2.57,257
281,2,10,13.78,7.18,-4.49,29935.53,9849.57,14172.64,2.57,257
274,-3,-5,22.05,-6.47,12.27,13825.21,5834.53,7209.89,2.57,257
275,-9,-16,-15.96,-13.40,4.25,14566.62,7926.22,1643.98,2.57,257
272,-10,-24,-9.55,5.19,5.94,13567.33,487.11,12503.58,2.57,257
263,-5,-33,1.77,9.49,4.71,10329.51,-3495.70,14186.96,2.57,258
258,0,-38,4.07,12.66,6.36,5870.34,-4140.40,6844.56,2.57,258
256,4,-40,2.19,9.36,5.75,1224.93,-3305.87,1944.84,2.57,258
256,6,-40,1.85,3.86,5.67,-1529.37,-2919.05,791.55,2.57,258
257,7,-39,3.48,3.81,5.85,-1751.43,-2406.88,-1321.63,2.57,258
257,8,-38,5.84,2.55,5.37,-1733.52,-1962.75,1017.19,2.57,258
258,9,-37,4.52,4.94,5.61,-795.13,-659.03,-444.13,2.57,258
258,9,-37,1.75,4.53,5.83,0.00,93.12,-666.19,2.56,258
258,9,-37,3.36,4.46,5.56,501.43,46.56,1618.91,2.57,258
257,9,-38,1.37,6.03,6.93,1450.57,669.77,558.74,2.56,258
256,9,-39,2.44,6.42,6.36,1593.84,608.88,1643.98,2.57,258
255,9,-39,1.37,8.14,6.39,1335.96,802.29,1267.91,2.57,258
254,9,-40,2.38,9.44,6.79,630.37,655.44,1475.64,2.56,258
253,10,-40,-0.34,7.52,6.20,-630.37,709.17,752.15,2.57,258
252,10,-38,-0.23,7.30,5.59,-1783.67,-139.68,2965.62,2.57,258
250,12,-37,2.88,7.84,5.87,-2926.22,-977.79,3710.60,2.57,258
250,12,-35,-1.42,4.33,7.60,-3062.32,-268.62,-3227.08,2.57,258
255,10,-33,-0.69,4.22,4.49,-3767.91,-626.79,-3431.23,2.57,258
253,12,-30,3.66,4.29,5.16,-4777.94,-1296.56,4247.85,2.56,258
254,12,-28,0.21,1.64,4.94,-3864.61,46.56,-2571.63,2.56,258
256,13,-25,0.34,3.01,6.29,-4097.42,-612.46,2603.87,2.57,258
254,14,-22,3.01,1.42,6.40,-4029.37,-676.93,3782.23,2.56,258
248,15,-7,3.57,0.44,10.80,-3846.70,641.12,891.83,2.56,259
249,14,-5,2.32,0.41,10.48,-3735.67,684.10,-558.74,2.56,259
250,12,8,2.58,-1.04,9.67,-2328.08,526.50,870.34,2.56,259
250,12,9,1.81,-2.04,9.35,-1840.97,343.84,-25.07,2.56,259
250,12,10,2.31,-1.99,9.99,-1454.15,-103.87,1027.94,2.56,259
250,12,11,2.04,-0.67,9.70,-1124.64,-225.64,39.40,2.56,259
250,12,12,1.39,-2.44,9.37,-977.79,-630.37,182.66,2.57,259
249,13,12,2.76,-1.87,9.05,-734.24,-1038.68,1421.92,2.57,259
249,13,13,3.11,-2.46,9.66,-433.38,-1010.03,175.50,2.56,259
249,14,13,3.32,-2.09,9.27,-311.60,-1224.93,1518.62,2.56,259
248,14,14,3.88,-1.79,9.59,-132.52,-1074.50,723.50,2.56,259
248,15,14,3.32,-1.54,9.31,-118.19,-1056.59,537.25,2.56,259
249,15,14,3.46,-0.70,9.33,-189.83,-1038.68,479.94,2.56,259
248,16,14,3.66,-0.16,9.50,-422.64,-906.16,-17.91,2.56,259
249,17,15,2.73,-2.01,8.91,-605.30,-873.93,-154.01,2.56,259
248,17,15,3.18,-2.64,8.23,-533.67,-1070.92,988.54,2.56,259
248,18,16,2.96,-2.69,8.66,-261.46,-963.47,376.07,2.57,259
248,18,16,2.94,-2.38,8.78,-89.54,-1006.45,762.89,2.56,259
247,18,16,3.80,-1.52,9.19,-161.17,-977.79,1797.99,2.57,259
246,19,17,4.11,-1.54,9.11,-146.85,-526.50,569.48,2.56,259
246,19,17,3.38,-2.33,8.60,-150.43,-293.70,322.35,2.57,259
246,19,17,3.30,-2.24,8.24,-146.85,-161.17,999.28,2.56,260
246,19,17,2.93,-2.67,8.29,21.49,75.21,-89.54,2.56,260
246,19,17,3.40,-2.71,8.23,204.15,103.87,-64.47,2.57,260
246,19,17,4.33,-1.31,8.92,175.50,121.78,1088.83,2.57,260
245,18,17,3.84,-1.11,8.90,85.96,530.09,376.07,2.56,260
245,18,17,3.27,-1.98,8.60,-121.78,752.15,236.39,2.57,260
245,17,18,3.63,-2.36,8.46,-290.11,830.95,791.55,2.56,260
245,16,18,3.75,-2.34,8.78,-239.97,1088.83,-243.55,2.56,260
246,16,18,3.05,-1.97,8.54,-343.84,1396.85,-676.93,2.56,260
247,15,18,2.05,-1.91,8.15,-601.72,1472.06,-748.57,2.56,260
247,14,18,2.43,-1.72,8.12,-949.14,1300.14,-361.75,2.57,260
248,14,19,3.32,-2.56,8.26,-1246.42,1246.42,111.03,2.57,260
249,13,20,3.86,-2.84,7.92,-1386.10,1464.90,-530.09,2.56,260
250,12,20,3.77,-3.37,7.91,-1368.19,1894.70,-1880.37,2.57,260
251,11,21,2.86,-3.52,7.86,-1457.74,2088.11,-1991.40,2.56,260
253,11,21,2.04,-2.86,7.26,-1683.38,1987.82,-1110.32,2.56,260
254,10,22,1.51,-2.85,6.82,-1959.17,1797.99,-1518.62,2.56,260
256,9,24,1.38,-3.89,6.54,-2317.34,1382.52,-1661.89,2.57,260
257,9,25,1.34,-4.50,6.50,-2675.50,827.36,-1006.45,2.56,260
258,9,26,1.85,-5.57,7.11,-2893.98,404.73,-705.59,2.57,260
258,9,29,2.92,-6.54,6.99,-3237.82,-121.78,941.98,2.57,260
257,8,31,3.74,-7.34,6.87,-3252.15,-175.50,784.38,2.57,260
258,9,33,3.06,-7.73,6.61,-2958.45,107.45,-1468.48,2.57,260
259,9,34,2.08,-6.63,6.57,-3037.25,-46.56,-1346.70,2.57,260
260,10,37,1.82,-6.55,6.45,-3585.24,-522.92,-293.70,2.57,260
260,10,39,2.06,-9.68,6.48,-3878.94,-870.34,-709.17,2.56,260
260,11,41,2.13,-9.73,6.40,-3664.04,-1124.64,-1318.05,2.56,261
262,12,44,1.35,-8.83,6.81,-3628.22,-1285.82,-2220.63,2.56,261
263,14,46,2.57,-8.44,6.89,-4097.42,-1812.32,-1142.55,2.56,261
263,15,49,2.80,-8.18,6.41,-4681.23,-1830.23,-1232.09,2.56,261
265,17,52,3.28,-8.74,6.32,-4860.32,-1475.64,-3986.39,2.57,261
267,19,55,1.96,-7.15,6.19,-5562.32,-1733.52,-1837.39,2.56,261
269,21,59,3.51,-8.47,6.09,-6113.90,-1790.83,-2113.18,2.57,261
271,23,63,3.26,-9.52,5.89,-6303.73,-1561.60,-3742.84,2.56,261
274,26,68,4.18,-6.94,5.90,-6565.19,-1661.89,-2632.52,2.56,261
276,27,71,2.37,-7.03,4.97,-6905.44,-1529.37,-3492.12,2.57,261
279,30,77,2.64,-6.96,4.19,-7453.44,-1901.86,-2868.91,2.56,261
283,32,82,4.05,-7.58,3.45,-7822.35,-2181.23,-3116.05,2.56,261
286,34,89,9.31,-5.86,3.19,-7836.68,-2041.55,-3431.23,2.57,261
291,37,93,6.83,-4.54,2.59,-7725.64,-1450.57,-5967.05,2.56,261
298,41,100,8.42,-3.49,2.05,-7718.48,-1325.21,-6969.91,2.56,261
305,44,106,6.25,-5.24,0.22,-7607.45,-1432.66,-3416.91,2.56,261
310,45,112,6.49,-5.39,-1.09,-6769.34,-1013.61,-2639.68,2.57,261
314,46,116,5.97,-4.52,-0.91,-5483.52,-501.43,-1414.76,2.56,261
318,46,120,4.69,-5.39,-1.08,-4387.54,-214.90,254.30,2.56,261
319,45,121,8.62,-7.45,-0.78,-2353.15,426.22,3542.26,2.56,261
317,43,120,6.27,-5.62,-2.71,469.20,2260.03,3445.56,2.57,261
315,42,117,4.55,-6.56,-1.40,2793.70,3291.55,5863.18,2.56,261
310,39,111,6.42,-7.49,-2.14,4688.40,3621.06,6941.26,2.56,261
306,37,103,6.13,-7.43,-2.69,7295.85,4781.52,5372.49,2.56,261
303,34,97,7.19,-9.82,-4.65,9090.26,5526.50,6013.61,2.56,261
298,30,88,4.38,-10.93,-3.82,9942.69,5476.36,7779.37,2.57,261
292,24,79,4.06,-9.35,-0.60,10272.21,4394.70,8241.40,2.56,261
277,11,63,21.18,-10.28,1.82,9043.70,379.66,7421.20,2.56,262
275,7,57,0.81,-6.76,8.72,7915.47,2800.86,6425.50,2.57,262
271,3,54,-2.43,-6.38,6.81,6095.99,1765.76,5587.39,2.57,262
269,1,50,0.93,-5.35,8.45,4706.30,877.51,2528.65,2.56,262
268,0,48,-1.52,-6.52,9.33,1583.09,68.05,852.44,2.57,262
268,0,49,-0.78,-3.40,6.88,-2707.74,-1063.75,-293.70,2.56,262
268,1,52,-0.11,-6.54,4.43,-6747.85,-2102.44,-3033.67,2.56,262
269,3,57,2.05,-6.88,3.00,-8914.76,-2252.87,-2421.20,2.56,262
270,5,64,3.95,-7.71,2.32,-9917.62,-1984.24,-995.70,2.56,262
271,6,70,1.84,-11.73,1.76,-7890.40,-562.32,-2091.69,2.57,262
272,7,73,1.09,-12.82,2.72,-3778.65,347.42,-2217.05,2.57,262
274,8,74,1.44,-10.82,2.47,82.38,795.13,-852.44,2.57,262
274,8,71,3.65,-10.50,1.24,5154.01,1568.77,-479.94,2.56,262
274,7,66,2.87,-11.59,1.49,8431.23,3395.42,2338.83,2.57,262
273,4,61,0.35,-7.57,5.63,9330.23,2342.41,5902.58,2.56,262
270,0,55,0.54,-7.07,5.39,9122.49,1844.56,5282.95,2.57,262
267,-2,49,-0.12,-6.02,6.34,8237.82,1314.47,4641.83,2.56,262
267,-2,43,3.96,-7.33,-13.46,17020.06,247.13,-8660.46,2.56,262
268,-3,46,-8.32,-1.66,5.76,-440.54,250.72,-2596.70,2.57,262
268,-2,47,0.50,-4.00,7.98,-1540.11,-827.36,-2367.48,2.57,262
269,-1,49,0.63,-4.46,7.19,-3782.23,-967.05,-2786.53,2.56,262
271,0,52,-0.48,-5.55,5.67,-6389.68,-1425.50,-2507.16,2.56,262
272,2,57,1.94,-7.28,5.06,-7843.84,-1962.75,-2263.61,2.56,262
273,4,61,2.53,-9.86,3.20,-7768.62,-1851.72,-3026.50,2.57,262
274,6,66,1.71,-11.86,2.27,-5587.39,-1425.50,-2825.93,2.56,262
276,8,68,1.65,-11.06,2.57,-1790.83,-945.56,-2109.60,2.56,263
277,9,67,1.88,-10.31,2.76,2177.65,-376.07,-999.28,2.56,263
276,9,65,5.65,-9.83,2.42,5182.66,902.58,426.22,2.56,263
275,7,60,1.46,-8.47,4.92,6783.67,1862.46,3184.10,2.56,263
273,5,55,0.89,-9.60,4.63,7328.08,1536.53,3313.04,2.56,263
272,3,52,2.14,-6.67,6.43,7023.64,1608.17,3950.57,2.57,263
269,0,47,-0.33,-8.25,6.25,6121.06,1558.02,3287.97,2.57,263
265,-1,43,20.63,-10.03,-20.40,5952.72,-2098.85,8395.42,2.56,263
266,0,45,-4.17,-1.84,5.86,-204.15,-275.79,823.78,2.56,263
266,0,46,1.42,-6.29,7.81,-1583.09,-863.18,-938.40,2.56,263
266,0,47,1.32,-6.16,8.56,-3567.34,-1053.01,-1378.94,2.56,263
267,2,50,0.93,-8.44,5.99,-5014.33,-1171.20,-2686.25,2.57,263
270,5,54,1.98,-7.17,6.18,-6368.19,-1991.40,-4358.88,2.57,263
273,9,58,4.82,-8.84,3.87,-7449.86,-2550.14,-5673.35,2.56,263
275,12,62,3.84,-10.04,3.16,-7757.88,-2736.39,-6984.24,2.56,263
280,17,67,6.14,-9.99,1.70,-7772.21,-3173.35,-7399.71,2.57,263
286,24,73,5.30,-9.75,0.26,-7342.41,-3352.44,-9229.94,2.56,263
292,30,78,3.25,-7.99,0.08,-6833.81,-3807.31,-8449.14,2.56,263
297,36,83,4.05,-3.98,0.92,-6307.31,-4204.87,-9122.49,2.56,263
302,41,88,0.77,-3.85,-1.26,-6128.22,-4713.47,-7739.97,2.57,263
307,45,96,2.84,-5.99,-1.04,-5655.44,-5214.90,-6393.27,2.57,263
303,38,112,4.65,-6.30,-1.86,2589.54,2349.57,1787.25,2.56,263
298,34,108,11.40,-6.90,-5.82,2596.70,2131.09,7385.39,2.57,264
308,39,105,2.69,-5.17,-2.70,-3921.92,472.78,-3080.23,2.56,264
312,41,109,4.07,-6.50,-3.04,-4143.98,-805.87,-3717.77,2.57,264
317,44,114,6.25,-8.41,-2.59,-1608.17,-1081.66,-1568.77,2.57,264
316,44,114,5.64,-9.75,-2.51,830.95,-483.52,1339.54,2.57,264
312,41,112,7.88,-8.83,-2.49,3008.60,-164.76,5132.52,2.57,264
308,39,109,7.07,-4.23,-1.51,3900.43,580.23,5293.70,2.56,264
304,36,106,6.81,-2.10,-1.22,3037.25,719.91,3119.63,2.56,264
303,36,104,5.72,-2.49,-0.31,533.67,766.48,-1185.53,2.56,264
305,37,105,5.65,-5.74,-1.63,-2120.34,3.58,-1310.89,2.57,264
306,37,107,7.03,-8.05,-3.55,-2696.99,-393.98,-830.95,2.57,264
307,38,109,7.15,-8.65,-4.20,-1916.19,-189.83,-1128.22,2.56,264
308,38,109,7.98,-8.19,-3.86,-286.53,168.34,186.25,2.56,264
308,38,108,6.38,-7.26,-2.81,1207.02,873.93,193.41,2.56,264
307,38,107,5.97,-6.47,-2.29,1658.31,881.09,1110.32,2.57,264
306,38,106,5.04,-5.92,-1.39,1418.34,813.04,576.65,2.56,264
306,38,105,5.43,-6.24,-1.83,598.14,408.31,207.74,2.56,264
306,38,105,5.31,-6.01,-1.61,-114.61,-42.98,-114.61,2.56,264
306,37,105,5.12,-6.55,-2.21,-440.54,-565.90,673.35,2.57,264
305,37,105,5.04,-6.87,-2.35,-236.39,-755.73,762.89,2.56,264
304,36,105,6.40,-8.37,-2.90,379.66,-920.49,1070.92,2.56,264
302,35,105,7.43,-8.56,-2.71,888.25,-795.13,1712.03,2.56,264
300,34,105,7.33,-7.44,-2.36,931.23,-368.91,809.46,2.57,264
299,34,104,7.01,-6.07,-1.85,408.31,-351.00,974.21,2.56,264
298,34,105,6.25,-5.70,-1.91,-354.58,-171.92,-376.07,2.57,265
299,34,105,5.56,-6.39,-1.85,-963.47,-315.19,-354.58,2.56,265
299,34,106,5.95,-7.26,-2.28,-906.16,-315.19,-490.69,2.56,265
299,34,107,5.85,-7.27,-2.27,-505.01,-225.64,-275.79,2.57,265
299,34,107,5.60,-7.04,-1.96,46.56,-78.80,-128.94,2.56,265
299,34,106,5.63,-7.43,-2.32,429.80,25.07,297.28,2.57,265
299,34,106,5.37,-7.35,-2.13,576.65,136.10,476.36,2.57,265
298,34,106,6.24,-7.66,-2.47,465.62,57.31,1171.20,2.57,265
297,33,105,5.72,-6.90,-1.77,376.07,282.95,415.47,2.56,265
297,33,105,4.69,-7.15,-1.62,179.08,325.93,143.27,2.57,265
297,33,105,3.56,-6.09,-0.87,132.52,32.23,1128.22,2.56,265
296,32,104,2.55,-6.54,-1.81,372.49,-143.27,884.67,2.57,265
295,32,104,2.55,-6.83,-2.05,1429.08,-282.95,229.23,2.56,265
293,31,102,3.74,-6.14,-0.70,2661.17,-186.25,791.55,2.57,265
292,31,101,5.51,-7.49,-0.99,3932.66,100.29,2954.87,2.57,265
288,29,97,6.13,-7.40,0.36,5239.97,845.27,2385.39,2.57,265
285,27,92,5.75,-11.38,-1.37,6916.19,1830.23,2972.78,2.56,265
281,24,86,5.20,-12.05,-2.05,8671.20,2424.79,4742.12,2.57,265
278,21,81,4.50,-9.44,-0.11,9831.66,2532.23,5261.46,2.57,265
273,17,74,5.14,-7.65,2.61,9960.60,2628.94,7106.02,2.57,265
268,12,68,6.67,-7.99,5.59,8166.19,2464.18,6203.44,2.57,265
265,8,63,2.59,-8.57,4.04,7009.31,2170.49,4828.08,2.56,265
263,6,60,-0.63,-11.78,3.92,6185.53,1651.15,3542.26,2.56,265
261,4,55,1.75,-6.61,5.62,6737.11,841.69,3198.42,2.57,265
259,2,51,1.82,-7.36,5.46,5279.37,852.44,2793.70,2.57,265
258,0,48,2.20,-7.71,5.71,4838.83,709.17,2786.53,2.57,265
256,-1,46,-1.52,-5.06,9.12,4151.15,852.44,2682.66,2.56,266
254,-2,45,-4.28,-7.40,8.36,-9204.87,-2260.03,171.92,2.57,266
255,-1,45,1.33,-6.26,6.42,-1117.48,-787.97,583.81,2.56,266
255,-1,46,-0.33,-7.04,8.93,-1919.77,-956.30,-626.79,2.56,266
255,0,49,0.82,-5.89,7.37,-4004.30,-1558.02,-924.07,2.56,266
256,0,51,1.39,-4.72,8.07,-6554.44,-1869.63,-3216.33,2.56,266
258,4,56,3.12,-8.38,5.19,-8900.43,-2349.57,-4656.16,2.56,266
261,8,63,5.25,-9.25,3.14,-10676.93,-2489.26,-6941.26,2.56,266
267,13,71,6.21,-6.92,1.91,-11837.39,-2668.34,-8689.11,2.56,266
272,19,77,3.50,-7.31,-1.96,-12643.27,-2947.71,-11386.10,2.56,266
280,26,86,1.92,-5.82,-3.74,-12965.62,-4136.82,-7686.25,2.56,266
286,31,96,0.14,-2.80,-3.53,-11722.78,-4366.05,-8964.90,2.56,266
293,35,107,2.85,-8.10,-2.80,-10282.95,-4942.69,-5848.85,2.57,266
296,36,113,9.39,-11.30,-2.05,-8047.99,-4491.40,-3653.30,2.56,266
299,37,119,12.91,-13.74,-3.41,-2782.95,-1017.19,-1934.10,2.57,266
300,37,119,7.32,-8.53,-3.98,533.67,913.32,1715.62,2.56,266
299,36,118,4.97,-5.68,-3.91,1941.26,1389.68,1704.87,2.57,266
298,36,115,7.17,-4.03,-6.05,1615.33,795.13,1540.11,2.56,266
297,35,115,8.86,-3.49,-9.32,-39.40,-422.64,-89.54,2.56,266
298,36,117,3.50,-3.48,-10.89,-2023.64,-2772.21,-4190.54,2.56,266
300,38,123,1.06,-1.19,-11.07,-3886.10,-6486.39,-6461.32,2.57,266
302,38,130,2.36,1.62,-9.55,-5626.79,-9559.46,-7066.62,2.56,266
304,37,140,4.97,-0.27,-6.83,-6235.67,-9888.97,-8262.89,2.56,266
18,35,150,13.30,-7.34,0.34,-5816.62,-7414.04,-6973.50,2.56,266
16,33,155,28.28,-18.40,5.46,-3302.29,-1916.19,-447.71,2.57,266
18,34,154,39.20,-22.92,2.17,1966.33,7385.39,7521.49,2.56,266
313,38,145,37.42,-20.38,-3.88,7722.06,15780.80,6977.08,2.56,266
313,45,125,20.66,-21.99,-16.04,14362.46,23441.98,8535.10,2.56,267
307,43,101,18.37,-24.48,-25.58,23542.26,25476.36,16332.38,2.57,267
298,31,70,9.06,-10.10,-35.03,30329.51,25841.69,19140.40,2.57,267
286,11,45,3.41,8.90,-25.47,34326.65,19971.35,21095.99,2.56,267
273,-5,23,19.40,15.70,-14.25,31493.55,11704.87,21529.37,2.56,267
272,-12,8,17.51,-0.45,-6.11,25565.90,15096.71,-3681.95,2.57,267
287,-25,0,-33.94,13.23,12.07,5057.31,24462.75,5451.29,2.56,267
285,-34,-8,-28.07,-21.26,-2.80,7865.33,11063.75,7106.02,2.56,267
279,-35,-20,-12.59,-1.72,2.25,9720.63,1690.54,9942.69,2.57,267
276,-33,-27,-7.45,4.92,5.94,7063.04,-3191.26,9627.51,2.57,267
272,-28,-33,-3.84,6.18,5.30,4419.77,-4788.68,6762.18,2.56,267
271,-23,-35,-5.21,6.28,3.87,1386.10,-5705.59,4391.12,2.56,267
269,-18,-35,-1.69,2.75,6.23,-1146.13,-6823.07,5601.72,2.56,267
267,-14,-34,4.51,2.06,5.09,-1386.10,-6314.47,2496.42,2.56,267
267,-10,-33,1.54,5.44,6.99,-1049.43,-4967.77,598.14,2.56,267
268,-8,-32,3.07,3.69,6.01,-687.68,-4158.31,415.47,2.56,267
268,-5,-32,3.25,4.49,5.31,-150.43,-2843.84,436.96,2.56,267
269,-4,-32,3.62,6.34,7.93,519.34,-1812.32,297.28,2.56,267
269,-4,-32,1.98,5.65,8.43,325.93,-813.04,-28.65,2.57,267
269,-4,-32,0.81,6.09,8.89,429.80,96.70,-304.44,2.56,267
269,-4,-32,-0.50,6.26,7.64,103.87,626.79,308.02,2.56,267
268,-4,-33,-0.36,4.21,7.17,333.09,476.36,1364.61,2.56,267
267,-4,-33,-0.79,5.64,6.72,626.79,555.16,1217.77,2.57,267
266,-3,-33,-0.61,4.81,6.88,727.08,347.42,1310.89,2.56,267
266,-3,-34,-0.66,7.41,7.88,598.14,386.82,1221.35,2.57,267
265,-3,-34,-3.15,6.52,6.75,-161.17,-32.23,1916.19,2.57,267
263,-1,-34,-2.27,5.55,6.89,-952.72,-984.96,4348.14,2.56,268
259,1,-33,-0.33,6.40,6.50,-1980.66,-1973.50,5891.83,2.56,268
258,2,-31,1.23,6.10,8.30,-2510.74,-1210.60,-1221.35,2.56,268
261,2,-30,-5.05,3.15,7.17,-3026.50,-916.91,-3628.22,2.56,268
261,3,-27,1.52,4.04,7.25,-4362.46,-2353.15,4190.54,2.57,268
261,4,-25,2.82,2.01,9.22,-3796.56,-1138.97,-2070.20,2.56,268
262,4,-22,3.61,1.33,9.19,-3366.76,-669.77,-702.01,2.57,268
263,4,-21,1.14,4.36,9.50,-3055.16,0.00,-1131.81,2.56,268
263,4,-19,0.43,4.75,11.33,-3241.40,-21.49,-85.96,2.57,268
263,4,-16,2.75,4.07,11.01,-3492.12,28.65,870.34,2.57,268
263,4,-14,1.26,2.47,10.19,-2808.02,927.65,-1669.05,2.56,268
264,3,-13,1.78,1.12,9.57,-2138.25,1171.20,-2063.04,2.57,268
265,2,-12,1.54,1.16,10.58,-1633.24,1228.51,-1275.07,2.57,268
266,1,-11,1.32,2.14,10.18,-902.58,1217.77,-924.07,2.57,268
266,0,-11,-0.44,1.94,10.46,-533.67,1099.57,-311.60,2.56,268
266,0,-10,-0.52,1.70,10.28,-383.24,558.74,1063.75,2.56,268
265,0,-10,-1.16,2.03,10.45,-136.10,282.95,1178.37,2.57,268
264,0,-10,1.12,1.23,9.91,32.23,-257.88,2152.58,2.57,268
263,0,-10,1.00,2.51,9.13,583.81,-57.31,959.89,2.56,268
262,0,-11,1.52,1.12,9.12,755.73,-96.70,1353.87,2.56,268
262,1,-11,0.67,1.98,8.63,1024.36,21.49,1318.05,2.56,268
261,1,-12,0.38,2.18,8.13,1207.02,39.40,884.67,2.57,268
260,1,-13,0.77,1.94,8.25,1214.18,-146.85,1171.20,2.57,268
260,1,-13,0.51,2.69,8.76,1121.06,-222.06,795.13,2.56,268
260,1,-14,1.06,3.68,8.75,938.40,-218.48,275.79,2.56,268
259,2,-15,1.28,2.96,8.49,451.29,-229.23,265.04,2.57,268
259,2,-15,1.26,3.52,8.58,-21.49,-243.55,698.42,2.57,268
259,2,-15,0.78,2.67,8.83,-354.58,-53.72,-386.82,2.56,269
259,2,-14,0.79,3.59,9.03,-673.35,-128.94,-7.16,2.56,269
259,2,-14,1.52,3.43,9.37,-1196.28,-136.10,71.63,2.56,269
259,2,-13,0.78,2.39,8.67,-1393.27,96.70,-1088.83,2.56,269
260,2,-12,1.50,1.52,9.14,-1489.97,-89.54,286.53,2.56,269
262,1,-8,0.20,1.15,9.22,-1031.52,-46.56,168.34,2.56,269
262,1,-7,0.55,1.89,9.53,-870.34,-28.65,-558.74,2.56,269
265,1,-4,0.02,0.58,9.10,-881.09,114.61,-1715.62,2.56,269
266,1,-4,0.22,-0.08,8.89,-909.74,-32.23,-1461.32,2.56,269
267,0,-3,0.55,-0.16,8.64,-723.50,-71.63,-2023.64,2.57,269
268,1,-3,0.95,0.40,8.61,-744.99,-222.06,-1443.41,2.57,269
269,1,-2,0.82,0.55,8.45,-673.35,-186.25,-2145.42,2.57,269
270,1,-2,-0.58,1.55,8.04,-924.07,-465.62,-1762.18,2.56,269
271,1,-1,-0.98,1.28,7.77,-1386.10,-1088.83,-888.25,2.56,269
271,2,0,0.51,1.33,7.77,-1805.16,-1672.64,28.65,2.56,269
272,3,0,0.51,1.01,7.96,-1905.44,-1837.39,-633.95,2.56,269
273,5,1,0.08,0.16,7.19,-1866.05,-2242.12,-1973.50,2.56,269
274,6,2,-1.08,-0.42,7.27,-1830.23,-2890.40,-2460.60,2.57,269
275,8,3,0.34,-1.58,6.96,-2281.52,-4426.93,2120.34,2.57,270
273,11,5,2.60,-0.59,7.62,-2457.02,-4931.95,3126.79,2.56,270
272,14,7,2.53,-1.42,6.89,-2080.95,-4903.29,-666.19,2.56,270
272,18,9,1.58,-2.26,6.72,-2374.64,-6070.92,2353.15,2.57,270
270,21,11,6.62,-3.10,6.73,-2840.26,-6891.12,4699.14,2.57,270
267,25,15,8.14,-4.80,6.70,-3044.41,-6633.24,3918.34,2.56,270
264,28,19,10.17,-2.48,6.91,-3098.14,-6250.00,4480.66,2.56,270
261,31,24,8.08,-3.44,6.68,-3918.34,-5343.84,3402.58,2.56,270
260,33,27,7.07,-2.80,6.50,-4229.94,-4996.42,1808.74,2.57,270
258,35,33,5.38,-5.33,5.44,-5390.40,-5028.65,3119.63,2.56,270
256,36,40,8.18,-3.15,6.05,-6386.10,-5064.47,3968.48,2.56,270
255,37,45,8.99,-7.18,5.20,-7120.34,-4609.60,1909.03,2.56,270
254,37,53,11.54,-9.11,4.89,-7507.16,-4301.58,3578.08,2.57,270
254,37,60,9.96,-8.96,4.52,-7141.83,-2926.22,1192.69,2.56,270
255,38,66,8.46,-8.32,4.42,-7231.38,-2371.06,651.86,2.56,270
255,37,71,9.66,-7.53,3.32,-7639.68,-2016.48,551.58,2.56,270
258,38,77,9.00,-10.13,1.89,-7585.96,-1479.23,-2428.37,2.57,270
261,40,83,7.26,-9.61,0.46,-7714.90,-1794.41,-931.23,2.56,270
265,41,89,4.61,-10.02,-0.47,-7453.44,-2260.03,-2675.50,2.56,270
266,41,94,5.85,-5.00,0.67,-8316.62,-3646.13,1719.20,2.56,270
268,40,102,8.48,-3.31,-0.85,-8681.95,-3588.83,-308.02,2.57,270
273,42,110,6.05,-4.78,-3.06,-8839.54,-3047.99,-4856.73,2.57,270
280,43,119,6.75,-6.00,-5.84,-9151.15,-3506.45,-2636.10,2.56,270
287,45,128,6.58,-5.64,-6.44,-8212.75,-2836.68,-6439.83,2.56,270
295,46,136,5.68,-6.63,-6.50,-7600.29,-2947.71,-6636.82,2.57,270
303,46,145,6.75,-4.69,-6.01,-7274.36,-3320.20,-2603.87,2.57,270
313,46,153,9.85,-3.60,-4.99,-5870.34,-2338.83,-7324.50,2.56,270
324,47,162,7.09,-1.69,-4.46,-5426.22,-1873.21,-5777.22,2.56,271
332,46,167,7.48,0.68,-4.66,-5308.02,-1765.76,-2979.94,2.57,271
342,46,173,5.89,-0.47,-6.00,-4860.32,-1128.22,-4803.01,2.56,271
351,45,179,6.05,-0.08,-7.05,-4315.90,-1207.02,-3001.43,2.56,271
359,45,-176,7.05,-0.50,-7.78,-3667.62,-809.46,-1321.63,2.57,271
3,44,-174,8.59,0.10,-6.66,-2861.75,-411.89,1203.44,2.56,271
6,44,-173,6.97,-0.55,-7.46,-1991.40,343.84,716.33,2.56,271
8,45,-172,7.53,0.01,-7.31,-795.13,974.21,-709.17,2.56,271
9,46,-172,9.74,-1.16,-7.86,-85.96,1604.58,519.34,2.57,271
7,47,-172,4.61,1.67,-6.83,716.33,2220.63,508.60,2.56,271
5,48,-172,5.48,1.40,-5.73,1171.20,2045.13,-415.47,2.56,271
3,49,-174,5.61,1.19,-5.32,852.44,1404.01,1894.70,2.56,271
1,50,-175,5.73,0.42,-5.92,716.33,823.78,1866.05,2.56,271
358,51,-177,6.57,0.33,-6.01,744.99,393.98,1171.20,2.56,271
357,51,-178,7.19,0.47,-5.96,680.52,10.74,816.62,2.56,271
355,51,-179,8.15,0.69,-6.01,576.65,-207.74,863.18,2.56,271
354,50,179,8.42,0.42,-6.24,512.18,-93.12,469.20,2.56,271
353,50,178,7.44,0.21,-6.19,483.52,50.14,462.03,2.57,271
351,50,178,7.01,-0.12,-5.95,469.20,64.47,444.13,2.56,271
350,51,177,6.42,0.39,-5.23,505.01,21.49,297.28,2.57,271
350,51,177,6.92,0.42,-5.06,501.43,-14.33,-214.90,2.56,271
349,51,177,8.20,0.74,-5.11,447.71,-14.33,-107.45,2.56,271
348,51,176,9.19,0.81,-5.37,290.11,154.01,770.06,2.56,271
347,51,174,9.36,0.42,-6.49,247.13,444.13,1944.84,2.56,271
345,51,173,8.16,0.69,-6.43,318.77,587.39,2514.33,2.56,271
343,51,170,6.91,1.12,-5.82,243.55,472.78,3062.32,2.56,271
341,51,168,6.87,0.85,-5.49,64.47,164.76,2865.33,2.57,271
339,50,165,7.64,0.45,-5.65,-308.02,-164.76,3667.62,2.57,272
337,50,163,7.97,-0.51,-5.60,-576.65,-232.81,3427.65,2.56,272
336,49,161,7.73,-0.81,-5.53,-809.46,-257.88,3524.36,2.56,272
335,48,159,7.93,-2.23,-5.87,-1092.41,-247.13,3445.56,2.56,272
334,47,158,8.66,-1.87,-5.82,-1192.69,-7.16,3298.71,2.56,272
334,47,157,7.91,-1.45,-5.38,-1325.21,297.28,2163.32,2.56,272
334,46,156,6.87,-1.08,-5.31,-1801.58,96.70,3223.50,2.56,272
335,45,156,6.54,-0.92,-5.31,-2188.40,50.14,2345.99,2.56,272
338,45,156,6.89,-1.42,-5.87,-2482.09,35.82,1371.78,2.56,272
340,45,157,7.32,-2.48,-6.43,-2363.90,454.87,-415.47,2.57,272
344,45,159,4.55,-1.75,-6.00,-1973.50,709.17,-1679.80,2.56,272
347,46,160,4.97,-2.88,-6.53,-1640.40,497.85,956.30,2.56,272
347,46,160,4.52,-1.81,-5.16,-780.80,508.60,3090.97,2.56,272
346,45,158,6.43,-4.40,-4.49,247.13,884.67,3964.90,2.57,272
343,45,154,6.63,-4.81,-4.00,1647.56,1672.64,3739.26,2.56,272
338,45,150,6.24,-5.34,-4.20,3542.26,2639.68,3807.31,2.56,272
330,45,142,7.98,-7.66,-5.73,5562.32,3159.03,7485.67,2.56,272
322,43,134,5.10,-6.00,-5.53,8083.81,3724.93,10630.37,2.57,272
311,39,122,7.57,-5.19,-4.33,9921.20,4122.49,8721.35,2.56,272
302,35,111,7.53,-4.95,-3.77,11013.61,4838.83,8116.05,2.56,272
295,32,100,9.05,-6.35,-2.81,11335.96,5447.71,6959.17,2.57,272
291,29,92,7.76,-6.89,-0.32,11099.57,6006.45,5673.35,2.57,272
287,25,83,2.64,-12.26,-0.84,10465.62,5762.89,5992.12,2.56,272
283,20,75,6.54,-9.07,2.04,9899.71,3932.66,7020.06,2.56,272
279,15,69,0.42,-11.10,2.65,8875.36,3123.21,6221.35,2.56,272
275,11,64,11.40,-11.22,1.43,9222.78,2345.99,8266.48,2.56,272
271,7,58,2.50,-9.37,5.66,9566.62,3237.82,5884.67,2.56,273
267,2,52,-0.72,-8.67,6.48,7879.66,1586.68,7281.52,2.56,273
263,-1,47,0.92,-3.87,8.91,7016.48,379.66,5673.35,2.56,273
261,-3,44,-11.79,13.58,22.81,8302.29,-1994.99,3946.99,2.57,273
261,-3,44,4.19,-27.51,7.08,3456.30,4462.75,4484.24,2.56,273
260,-3,44,-1.49,-7.58,6.29,-340.26,-204.15,75.21,2.56,273
260,-3,44,0.06,-7.59,6.77,32.23,-57.31,207.74,2.57,273
260,-3,44,-0.04,-6.90,6.87,68.05,-82.38,440.54,2.57,273
259,-3,44,0.09,-5.57,7.10,93.12,-35.82,447.71,2.57,273
259,-4,44,-0.76,-6.68,6.88,-39.40,0.00,136.10,2.56,273
259,-4,44,-0.61,-5.59,6.98,-35.82,-100.29,35.82,2.56,273
259,-3,44,-2.05,-5.79,6.76,-225.64,-171.92,-168.34,2.57,273
259,-3,44,2.08,-7.15,6.35,-218.48,-268.62,-286.53,2.56,273
259,-3,45,-1.45,-6.72,7.54,-282.95,-186.25,562.32,2.56,273
259,-3,45,0.51,-6.64,6.91,-171.92,-136.10,32.23,2.56,273
259,-3,45,-0.79,-8.18,6.51,-85.96,-75.21,-196.99,2.56,273
259,-3,45,0.68,-6.56,6.96,-10.74,-193.41,-39.40,2.57,273
259,-3,45,-0.46,-7.03,6.77,32.23,-60.89,-82.38,2.56,273
259,-3,45,0.32,-6.97,6.83,32.23,-89.54,-272.21,2.56,273
259,-3,45,-0.28,-7.59,6.68,14.33,-125.36,207.74,2.56,273
259,-3,45,-0.21,-7.57,6.44,107.45,-186.25,282.95,2.57,273
259,-3,45,-0.56,-7.41,6.61,171.92,-239.97,458.45,2.57,273
259,-3,45,0.19,-4.96,7.62,175.50,-537.25,125.36,2.56,273
258,-3,45,-0.18,-4.16,9.23,-1429.08,-784.38,-222.06,2.56,273
258,-2,46,0.73,-4.77,7.56,-3345.27,-1053.01,-1164.04,2.56,273
259,-1,49,-0.22,-6.38,6.45,-4706.30,-1264.33,-1776.50,2.56,273
260,0,53,0.37,-7.20,4.79,-5852.44,-1636.82,-3356.02,2.56,273
262,3,57,1.67,-7.73,3.86,-7030.80,-2159.74,-3373.93,2.56,274
264,5,61,0.46,-7.38,2.98,-7983.52,-2367.48,-4656.16,2.56,274
267,9,67,2.27,-6.55,3.33,-8839.54,-2972.78,-4043.70,2.56,274
268,12,73,3.84,-8.27,1.20,-9756.45,-2639.68,-4294.41,2.56,274
276,19,88,3.79,-10.94,-1.56,-8005.01,-1597.42,-4584.53,2.56,274
278,20,93,5.57,-11.09,-0.70,-5551.58,-888.25,-1164.04,2.56,274
280,20,85,3.84,-9.31,-1.25,9201.29,3900.43,1901.86,2.56,274
279,19,79,3.93,-7.20,0.68,9982.09,4015.04,2893.98,2.56,274
270,8,60,1.00,-8.94,3.34,7671.92,1851.72,5458.45,2.57,274
266,4,55,0.73,-5.41,4.92,7199.14,981.38,6167.62,2.56,274
263,1,49,1.56,-7.90,5.18,6196.27,770.06,4136.82,2.56,274
261,0,46,1.34,-4.61,8.24,5623.21,773.64,4204.87,2.56,274
259,0,45,31.02,-37.95,30.41,-6643.98,-5734.24,-8098.14,2.57,274
259,-1,46,3.25,-7.76,7.55,-1790.83,-931.23,1314.47,2.56,274
258,-1,47,1.27,-6.66,7.56,-2718.48,-587.39,-795.13,2.56,274
259,0,50,-1.11,-8.04,7.12,-4426.93,-945.56,-1858.88,2.56,274
260,1,54,1.67,-6.61,5.42,-6239.25,-1679.80,-2317.34,2.56,274
262,3,57,2.18,-7.00,5.02,-7886.82,-1543.70,-4534.38,2.57,274
264,6,63,3.93,-8.47,3.81,-8975.64,-1840.97,-4373.21,2.56,274
268,10,69,5.48,-9.03,2.36,-9459.17,-1586.68,-5619.63,2.56,275
272,14,75,4.65,-8.93,1.40,-9373.21,-1189.11,-6196.27,2.56,275
278,19,81,3.57,-7.70,0.98,-8560.17,-941.98,-7439.11,2.56,275
283,23,86,2.02,-7.00,-0.89,-8065.90,-995.70,-8148.28,2.56,275
289,28,91,2.75,-5.35,-0.15,-7356.73,-1461.32,-7191.98,2.56,275
294,31,97,3.04,-7.17,-1.00,-6575.93,-1780.09,-4434.10,2.56,275
299,34,101,4.10,-8.79,-0.84,-4878.22,-1425.50,-3703.44,2.56,275
300,34,104,6.31,-11.77,-1.78,-2793.70,-941.98,805.87,2.57,275
300,34,105,9.13,-11.34,-0.96,-547.99,254.30,351.00,2.56,275
299,33,104,3.74,-8.49,-2.23,881.09,598.14,2274.36,2.56,275
298,32,103,8.03,-5.70,-2.56,881.09,633.95,920.49,2.56,275
299,32,104,3.62,-5.51,-1.50,-1780.09,-222.06,-780.80,2.56,275
300,33,106,3.64,-7.61,-2.18,-2739.97,-1292.98,-329.51,2.57,275
300,32,108,6.51,-8.78,-2.66,-2367.48,-1568.77,530.09,2.57,275
299,31,110,7.57,-8.58,-2.86,-1207.02,-977.79,1192.69,2.56,275
299,31,110,7.43,-8.30,-3.08,-121.78,-111.03,483.52,2.56,275
298,31,109,7.07,-7.34,-2.56,830.95,719.91,472.78,2.56,275
299,31,108,5.60,-6.91,-2.24,1224.93,1443.41,-515.76,2.56,275
299,31,107,4.91,-6.70,-1.75,931.23,1439.83,68.05,2.56,275
300,32,106,4.47,-7.00,-2.00,576.65,1314.47,-343.84,2.56,275
300,32,105,4.95,-7.40,-2.07,60.89,863.18,336.68,2.56,275
300,32,105,4.93,-7.48,-2.38,-222.06,540.83,146.85,2.57,275
300,32,105,4.63,-7.60,-2.16,-404.73,268.62,157.59,2.57,275
300,31,105,5.17,-7.74,-2.84,-712.75,-211.32,759.31,2.56,275
300,31,106,5.02,-7.46,-2.22,-716.33,-426.22,14.33,2.57,275
300,31,107,5.17,-7.68,-2.26,-594.56,-605.30,93.12,2.56,275
300,31,107,5.40,-8.16,-2.33,-290.11,-601.72,85.96,2.57,276
299,31,107,5.20,-8.21,-2.27,282.95,-436.96,-32.23,2.56,276
299,31,107,5.27,-7.69,-2.01,766.48,-297.28,272.21,2.56,276
298,30,106,5.34,-7.35,-1.83,992.12,-78.80,182.66,2.56,276
297,30,106,4.91,-7.38,-1.54,1013.61,71.63,89.54,2.57,276
297,30,105,4.98,-7.75,-1.90,787.97,57.31,487.11,2.57,276
296,30,105,5.38,-8.08,-2.16,587.39,136.10,103.87,2.56,276
296,30,104,4.62,-7.41,-1.70,333.09,114.61,286.53,2.57,276
296,30,104,3.86,-6.54,-0.96,279.37,100.29,232.81,2.57,276
295,30,104,3.19,-8.77,-2.15,823.78,179.08,-254.30,2.57,276
295,30,102,4.39,-8.29,-1.69,2285.10,265.04,462.03,2.56,276
294,29,101,4.98,-7.89,-1.89,3939.83,787.97,1124.64,2.56,276
292,29,97,4.50,-7.37,-1.24,5136.10,1271.49,1737.11,2.56,276
289,27,92,6.28,-6.81,-0.46,6242.84,1855.30,2772.21,2.56,276
286,25,87,3.97,-7.85,-0.09,6916.19,2521.49,3581.66,2.57,276
284,23,83,4.82,-7.43,1.54,7202.72,2668.34,3889.68,2.56,276
281,20,78,2.81,-10.42,2.35,7227.79,2585.96,4380.37,2.57,276
276,15,73,-12.96,-8.10,-1.89,6780.09,780.80,10028.65,2.56,276
271,11,68,11.84,-10.79,2.51,7084.53,934.81,6024.36,2.57,276
269,9,64,0.55,-7.89,5.77,7070.20,1984.24,4982.09,2.56,276
267,6,60,-0.37,-12.88,4.48,6489.97,1106.73,4011.46,2.56,276
264,3,56,0.75,-5.52,6.65,6493.55,365.33,4297.99,2.57,276
261,1,52,2.65,-6.75,5.34,4835.24,651.86,3724.93,2.57,276
259,0,50,-18.84,-2.18,27.62,4183.38,1124.64,3646.13,2.56,276
258,0,49,2.17,-24.12,10.56,-4229.94,-3087.39,-6790.83,2.56,276
259,0,49,1.94,-6.32,6.12,-408.31,-583.81,-164.76,2.57,276
259,0,50,-0.11,-7.19,9.15,-1805.16,-967.05,-680.52,2.56,276
259,0,51,-0.03,-6.72,7.53,-3832.38,-1525.79,-2048.71,2.56,277
261,2,54,1.67,-5.84,6.76,-5562.32,-2070.20,-3438.40,2.56,277
263,6,59,2.15,-8.28,5.10,-7768.62,-2661.17,-6002.87,2.56,277
268,12,65,3.36,-9.18,2.86,-8914.76,-3270.06,-8395.42,2.56,277
274,18,71,4.86,-9.83,0.74,-9409.03,-4050.86,-9792.26,2.57,277
278,23,76,5.68,-9.37,-1.08,-9455.59,-4656.16,-8635.39,2.56,277
283,29,84,5.57,-9.19,-1.84,-8810.89,-4914.04,-8062.32,2.56,277
288,34,91,3.98,-8.51,-3.26,-7711.32,-5100.29,-5132.52,2.56,277
291,36,98,3.07,-4.55,-0.18,-6181.95,-4663.32,-4727.79,2.57,277
293,38,103,3.64,-5.66,0.84,-4903.29,-4065.19,-2127.51,2.56,277
293,38,108,4.97,-6.55,-0.46,-3667.62,-3348.85,-125.36,2.56,277
292,36,111,8.57,-7.91,-0.96,-1486.39,-1683.38,2245.70,2.56,277
290,35,111,5.46,-7.11,-1.30,848.85,107.45,1712.03,2.57,277
289,34,109,8.24,-7.12,-2.39,2174.07,1167.62,57.31,2.56,277
289,35,107,4.02,-7.01,-1.82,2231.38,1464.90,-780.80,2.56,277
288,34,106,5.82,-6.97,-2.22,1307.31,168.34,2109.60,2.56,277
287,34,105,5.87,-6.52,-1.62,694.84,-17.91,-522.92,2.56,277
287,34,105,6.68,-7.16,-2.14,-107.45,-691.26,691.26,2.56,277
287,34,105,5.45,-6.27,-1.87,-282.95,-601.72,-1135.39,2.56,277
287,34,106,5.29,-7.05,-3.12,-476.36,-1056.59,-698.42,2.57,277
287,35,107,6.01,-5.78,-4.46,-365.33,-1507.88,-694.84,2.56,277
286,34,108,7.37,-4.62,-9.62,-551.58,-2385.39,-35.82,2.56,277
284,34,110,7.28,-2.74,-12.79,-1393.27,-4301.58,-1661.89,2.56,277
284,35,116,4.10,0.71,-15.62,-3839.54,-7800.86,-4108.17,2.56,277
284,35,125,8.08,3.10,-13.61,-7285.10,-10598.14,-7277.94,2.57,277
286,34,135,11.24,0.92,-9.88,-10590.97,-11325.21,-6898.28,2.57,277
12,32,148,18.63,0.24,-2.36,-11436.25,-9355.30,-9548.71,2.56,278
8,31,160,32.48,-11.33,4.62,-11282.24,-3871.78,-6661.89,2.56,278
6,33,168,39.22,-18.69,7.88,-7059.46,6790.83,-6117.48,2.57,278
3,40,172,38.25,-24.14,0.88,-1826.65,18850.29,-7596.71,2.57,278
354,56,175,37.13,-29.82,-9.28,2303.01,26121.06,-4154.73,2.56,278
349,77,161,34.80,-31.48,-31.24,9810.17,34695.56,2439.11,2.56,278
339,78,47,12.46,-28.31,-39.05,20218.48,37596.70,17464.18,2.57,278
313,49,29,6.18,-13.60,-39.05,31439.83,28972.06,38954.16,2.56,278
279,27,17,17.65,9.60,-39.05,43266.48,12317.33,35662.61,2.56,278
250,22,0,26.86,8.11,-24.67,39434.10,-3338.11,34287.25,2.57,278
236,25,-15,8.76,15.85,7.78,35870.34,-3015.76,3875.36,2.57,278
235,24,-23,-15.49,10.97,18.96,21339.54,136.10,12510.75,2.56,278
223,33,-23,27.44,8.25,12.06,222.06,-9491.40,17614.61,2.56,278
226,32,-24,-3.97,-2.99,0.95,-1027.94,1425.50,-11035.10,2.56,278
229,32,-24,-0.24,-3.28,3.02,-3560.17,-2184.81,-1368.19,2.56,278
230,33,-23,4.41,-2.20,1.51,-3445.56,-2865.33,1095.99,2.57,278
230,35,-21,7.73,0.94,2.46,-2417.62,-2489.26,189.83,2.56,278
231,36,-20,10.75,2.03,5.01,-1282.23,-1035.10,-616.05,2.56,278
232,36,-20,6.46,0.79,5.57,-1006.45,132.52,877.51,2.56,278
231,36,-19,5.10,-0.67,4.69,-85.96,-82.38,497.85,2.56,278
230,37,-18,7.35,3.10,6.20,-351.00,-924.07,3517.19,2.57,278
228,38,-16,8.37,4.37,6.95,-777.22,-429.80,2471.35,2.56,278
227,39,-14,8.92,1.90,8.07,-1529.37,-207.74,2818.77,2.56,278
225,39,-12,10.03,5.26,7.75,-1608.17,182.66,2596.70,2.57,278
226,39,-10,11.06,5.49,8.23,-1740.69,1289.40,-1171.20,2.56,278
228,37,-10,5.37,1.60,6.39,-2177.65,1994.99,-2654.01,2.56,278
230,35,-7,4.11,-0.74,5.33,-1772.92,1712.03,-3137.54,2.56,279
231,34,-6,2.42,0.36,7.01,-1909.03,809.46,78.80,2.57,279
230,31,6,8.20,-0.25,8.86,-2396.13,848.85,1640.40,2.56,279
230,30,8,6.71,-1.89,9.00,-2191.98,1887.54,-1282.23,2.56,279
232,29,8,3.93,-1.27,8.50,-2191.98,2077.36,-1540.11,2.57,279
234,28,9,4.17,-0.50,8.49,-2206.30,1844.56,-2306.59,2.56,279
235,27,10,4.15,0.42,7.80,-2825.93,1335.96,-1250.00,2.56,279
237,27,11,6.33,-2.57,7.06,-3019.34,1178.37,-1941.26,2.56,279
239,26,12,5.48,-3.99,5.98,-2546.56,1310.89,-2020.06,2.56,279
240,26,13,4.19,-3.28,6.38,-2141.83,873.93,451.29,2.56,279
240,25,15,4.18,-2.06,6.97,-1701.29,655.44,508.60,2.56,279
239,25,16,3.91,-2.19,7.28,-1626.07,218.48,1672.64,2.56,279
238,24,17,4.69,-4.00,8.43,-1479.23,-71.63,2356.73,2.56,279
237,24,19,4.56,-3.37,9.27,-1160.46,-239.97,3058.74,2.56,279
234,23,21,5.21,-3.61,9.78,-1228.51,-633.95,5196.99,2.56,279
231,22,23,4.18,-2.03,9.67,-737.82,-454.87,3538.68,2.56,279
229,22,24,4.88,-2.72,9.26,-827.36,-676.93,3595.99,2.56,279
227,21,26,4.88,-3.94,8.50,-669.77,-830.95,3846.70,2.57,279
224,21,27,4.96,-4.17,8.13,121.78,-734.24,2517.91,2.56,279
223,20,27,3.75,-3.34,8.91,476.36,-813.04,2611.03,2.56,279
221,20,27,2.33,-3.91,7.33,673.35,-1063.75,2442.69,2.56,280
219,20,27,3.45,-3.59,8.18,841.69,-1665.47,2915.47,2.56,280
217,20,27,3.91,-4.04,8.15,1103.15,-1729.94,2195.56,2.57,280
215,21,27,3.81,-2.75,8.04,1038.68,-1880.37,2772.21,2.57,280
213,21,27,2.86,-2.77,7.10,1067.34,-1787.25,1683.38,2.57,280
211,22,27,2.53,-4.31,7.03,1053.01,-2106.02,1611.75,2.56,280
209,22,28,3.28,-4.16,6.22,888.25,-2940.54,4086.68,2.57,280
206,23,28,4.92,-3.48,7.06,1027.94,-2815.19,2929.80,2.56,280
203,23,29,6.29,-4.10,7.40,934.81,-2686.25,3227.08,2.56,280
200,23,30,6.90,-3.13,8.18,662.61,-2356.73,4362.46,2.56,280
198,24,30,5.43,-4.25,8.07,967.05,-988.54,816.62,2.56,280
197,24,30,4.00,-4.52,7.58,809.46,-845.27,1991.40,2.57,280
195,23,30,3.60,-4.73,7.43,916.91,-669.77,1475.64,2.56,280
194,23,30,3.29,-5.66,6.93,1074.50,-608.88,1232.09,2.56,280
193,23,29,3.72,-5.84,7.33,1185.53,-730.66,1794.41,2.56,280
191,23,29,4.03,-5.02,7.24,1307.31,-705.59,2041.55,2.56,280
190,23,29,3.64,-4.58,8.04,1285.82,-601.72,1848.14,2.57,280
188,22,29,3.75,-4.02,7.77,1002.87,-709.17,2442.69,2.56,280
187,22,29,3.90,-4.55,8.27,891.83,-436.96,1217.77,2.56,280
186,22,29,4.28,-4.41,8.10,555.16,-540.83,2277.94,2.57,280
184,21,29,5.03,-3.80,8.09,372.49,-383.24,2277.94,2.56,280
183,21,29,4.78,-4.05,7.87,462.03,376.07,17.91,2.56,280
183,21,29,4.52,-4.00,7.86,128.94,508.60,727.08,2.56,280
183,21,29,4.74,-3.81,7.55,7.16,841.69,329.51,2.56,280
183,21,28,4.33,-4.24,7.34,-17.91,1207.02,-275.79,2.57,280
184,20,28,4.24,-4.21,7.09,-78.80,1228.51,136.10,2.56,280
184,20,28,4.15,-4.37,7.12,64.47,1532.95,-687.68,2.56,281
185,19,28,3.36,-4.54,7.27,154.01,1658.31,-949.14,2.56,281
186,19,27,2.83,-4.19,7.33,96.70,1518.62,-648.28,2.57,281
187,18,27,2.67,-4.30,7.73,103.87,1472.06,-1088.83,2.56,281
187,17,27,2.90,-4.03,8.08,-100.29,1181.95,-479.94,2.56,281
188,17,27,3.52,-3.76,8.53,-293.70,1095.99,-404.73,2.57,281
189,17,27,3.16,-3.85,8.40,-372.49,1300.14,-1411.17,2.56,281
190,16,27,3.00,-3.50,8.11,-565.90,1221.35,-1185.53,2.57,281
191,16,27,3.27,-3.63,8.07,-723.50,1178.37,-1500.72,2.56,281
193,16,27,3.47,-4.00,7.84,-784.38,1235.67,-1916.19,2.56,281
194,15,27,3.86,-3.57,7.61,-906.16,1189.11,-1400.43,2.56,281
195,15,27,3.89,-3.34,7.48,-770.06,1543.70,-2836.68,2.57,281
198,15,27,3.27,-3.28,7.41,-816.62,1633.24,-3191.26,2.56,281
200,15,27,2.99,-3.32,6.95,-1056.59,1425.50,-2646.85,2.56,281
203,15,27,3.09,-3.76,6.72,-1131.81,1282.23,-2747.13,2.56,281
204,15,27,3.79,-3.96,6.99,-1257.16,1056.59,-2138.25,2.56,281
206,15,28,4.51,-3.61,7.42,-1439.83,995.70,-1375.36,2.56,281
208,15,28,4.97,-3.80,7.85,-1504.30,1522.21,-2739.97,2.56,281
210,15,29,4.23,-4.60,7.68,-1719.20,1898.28,-3162.61,2.56,281
213,15,29,3.82,-4.52,7.52,-1844.56,2045.13,-3348.85,2.56,281
216,15,30,3.05,-4.61,7.19,-1969.91,2260.03,-4376.79,2.57,281
220,15,30,2.26,-4.48,6.74,-2345.99,1994.99,-3982.81,2.56,281
222,16,31,2.58,-4.26,6.17,-2818.77,1590.26,-3298.71,2.56,281
226,16,32,3.38,-3.59,5.59,-3047.99,1511.46,-3893.27,2.56,281
230,17,33,3.10,-4.13,5.35,-3416.91,1636.82,-5487.11,2.57,281
234,18,35,3.80,-5.09,4.93,-4000.72,1371.78,-5820.20,2.56,281
238,20,36,4.32,-5.82,4.20,-4627.51,1085.24,-5752.15,2.56,281
243,21,38,6.18,-7.64,3.98,-5214.90,755.73,-4620.34,2.56,282
246,22,41,6.92,-10.29,3.44,-5612.46,766.48,-3660.46,2.57,282
250,24,43,6.93,-11.42,3.95,-5125.36,1339.54,-4638.25,2.57,282
253,25,45,5.15,-10.35,4.22,-5078.80,1346.70,-3219.91,2.56,282
257,26,47,4.41,-10.57,4.90,-5057.31,1432.66,-3739.26,2.57,282
260,27,50,4.59,-10.33,4.93,-5508.60,999.28,-2424.79,2.57,282
263,28,53,4.39,-10.55,4.13,-5802.29,888.25,-2729.23,2.56,282
266,29,55,3.62,-10.65,3.71,-6414.76,189.83,-1035.10,2.56,282
268,29,60,4.12,-9.70,3.46,-6643.98,-118.19,-386.82,2.56,282
270,30,64,3.84,-9.12,3.29,-6618.91,-53.72,-2131.09,2.57,282
273,31,68,3.80,-8.24,2.98,-6894.70,-318.77,-1618.91,2.56,282
276,32,72,2.51,-6.90,2.24,-6898.28,-308.02,-2976.36,2.56,282
280,35,76,1.55,-7.87,2.69,-6819.48,-537.25,-4143.98,2.56,282
284,37,81,2.61,-8.36,2.69,-7023.64,-1493.55,-1747.85,2.56,282
287,38,86,3.80,-6.63,2.42,-6608.17,-1507.88,-2113.18,2.56,282
292,41,91,8.83,-4.67,1.76,-5784.38,-1153.30,-4799.43,2.57,282
296,44,94,7.77,-3.10,0.42,-5168.34,114.61,-7868.91,2.56,282
304,48,98,6.44,-5.11,-0.26,-5397.56,-265.04,-4867.48,2.57,282
309,50,103,6.78,-5.60,-0.54,-4957.02,-207.74,-3377.51,2.56,282
314,53,106,7.54,-5.52,-1.82,-3989.97,0.00,-4018.62,2.56,282
317,54,109,6.62,-4.75,-1.34,-3750.00,-458.45,-659.03,2.56,282
319,54,111,6.71,-4.30,-0.54,-2750.72,-351.00,-93.12,2.56,282
320,54,113,8.12,-4.74,0.00,-1633.24,-28.65,995.70,2.56,282
319,52,112,10.32,-4.37,0.55,-429.80,684.10,4466.33,2.56,282
317,50,110,7.91,-6.30,-0.26,881.09,1819.48,5193.41,2.56,282
313,46,105,4.60,-7.66,-1.07,2654.01,2514.33,7005.73,2.56,282
306,41,100,6.69,-5.63,-0.02,4584.53,2457.02,9942.69,2.56,283
300,36,95,8.60,-5.24,0.55,6081.66,3069.48,9308.74,2.56,283
294,30,89,7.91,-8.89,0.48,7045.13,3932.66,7675.50,2.56,283
288,24,83,7.06,-10.87,-2.02,7739.97,4043.70,8778.65,2.56,283
285,20,76,3.82,-10.19,-0.15,8553.01,4774.36,4749.28,2.56,283
282,16,72,6.67,-7.45,3.77,8674.79,4989.25,8341.69,2.56,283
279,10,66,1.83,-8.59,5.71,8699.86,6858.88,5447.71,2.56,283
275,5,61,2.55,-9.11,5.70,6164.04,2299.43,8033.67,2.56,283
270,0,57,2.91,-11.06,5.46,5637.54,2009.31,7030.80,2.56,283
268,-2,54,-1.82,-9.44,6.29,6797.99,1844.56,4985.67,2.57,283
266,-5,49,-0.56,-7.24,6.07,7238.54,1475.64,3005.01,2.57,283
264,-7,45,-12.89,7.89,32.12,5196.99,565.90,3327.36,2.56,283
264,-7,45,-14.19,-5.65,8.57,-2575.21,-659.03,641.12,2.56,283
264,-8,45,0.38,-9.54,6.24,-608.88,-189.83,956.30,2.57,283
263,-8,45,-0.67,-9.87,6.99,-175.50,25.07,-17.91,2.56,283
263,-8,45,-1.56,-7.50,7.38,168.34,-75.21,-60.89,2.56,283
263,-8,46,-0.82,-5.02,7.36,-1181.95,-555.16,-257.88,2.56,283
264,-7,47,-2.26,-5.87,6.78,-2571.63,-594.56,-2041.55,2.57,283
264,-6,49,0.18,-6.52,5.81,-3635.39,-1085.24,-2381.81,2.57,283
266,-4,51,-0.11,-6.98,5.94,-4111.75,-1146.13,-2897.56,2.56,283
267,-2,54,0.28,-7.53,5.26,-4333.81,-1131.81,-3323.78,2.56,283
269,0,57,0.47,-7.60,4.29,-4147.56,-1092.41,-3531.52,2.57,283
271,2,59,0.99,-8.18,3.18,-3363.18,-924.07,-3030.09,2.57,283
266,-6,45,-25.97,11.19,4.52,2356.73,-121.78,-902.58,2.56,284
266,-6,46,-0.73,-4.17,7.81,7.16,132.52,-358.17,2.56,284
266,-3,49,0.94,-8.11,8.55,-3567.34,-1862.46,-1980.66,2.56,284
267,-2,51,0.87,-9.35,7.82,-4158.31,-2059.46,-1937.68,2.56,284
268,0,54,1.89,-8.02,7.09,-5293.70,-2306.59,-3921.92,2.56,284
271,4,58,2.39,-7.96,5.91,-6045.85,-2367.48,-5666.19,2.57,284
274,7,61,1.49,-7.58,4.54,-6386.10,-2374.64,-7919.05,2.56,284
279,13,66,2.17,-7.03,2.54,-6780.09,-2876.07,-8946.99,2.57,284
284,20,70,2.74,-4.99,0.83,-7195.56,-3538.68,-9179.80,2.56,284
291,27,75,2.14,-3.82,0.17,-7002.15,-3753.58,-11250.00,2.56,284
297,33,79,2.69,-4.85,-0.90,-6955.59,-4670.49,-9161.89,2.57,284
303,39,86,3.08,-5.52,-1.96,-6361.03,-4939.11,-7568.05,2.57,284
307,43,93,6.78,-5.92,-0.79,-5175.50,-4910.46,-5687.68,2.56,284
310,47,99,10.88,-9.38,-1.90,-3513.61,-4197.71,-4838.83,2.56,284
312,48,102,11.81,-7.46,-1.48,-1436.25,-2474.93,-3871.78,2.57,284
313,50,104,10.88,-9.25,-1.21,526.50,-540.83,-1518.62,2.57,284
311,49,102,1.77,-5.08,-2.20,1593.84,333.09,4566.62,2.56,284
307,45,101,8.56,-5.54,-3.07,1253.58,-1078.08,7496.42,2.56,284
303,42,100,7.98,-4.63,-1.44,1450.57,-451.29,2550.14,2.56,284
301,41,100,6.95,-3.64,0.55,-132.52,-648.28,-899.00,2.57,284
304,43,102,3.28,-5.97,-0.50,-1966.33,-651.86,-3005.01,2.56,284
306,44,105,6.16,-5.33,-0.85,-2883.24,-1593.84,-1858.88,2.56,284
307,45,107,7.90,-6.06,-1.97,-2539.40,-967.05,-1966.33,2.57,285
310,46,109,8.74,-7.09,-2.75,-1436.25,-164.76,-1909.03,2.57,285
311,46,110,8.10,-6.67,-3.17,-121.78,770.06,440.54,2.56,285
310,45,108,8.02,-7.48,-3.57,1035.10,1282.23,2399.71,2.57,285
308,44,106,6.56,-5.96,-3.03,1540.11,1285.82,3370.34,2.56,285
306,42,104,7.09,-5.74,-2.34,1411.17,1121.06,2793.70,2.56,285
304,41,102,7.21,-5.23,-1.97,684.10,802.29,2034.38,2.57,285
304,40,102,7.43,-5.01,-1.52,-125.36,727.08,440.54,2.56,285
306,41,103,7.19,-6.37,-2.37,-863.18,189.83,-530.09,2.56,285
307,41,103,6.98,-6.30,-2.29,-415.47,179.08,-386.82,2.56,285
308,42,104,6.66,-6.36,-2.03,-3.58,182.66,-121.78,2.56,285
307,42,103,6.81,-6.51,-1.88,193.41,96.70,508.60,2.56,285
307,41,103,6.43,-6.69,-1.44,447.71,257.88,590.97,2.56,285
306,41,102,6.67,-7.01,-0.93,494.27,347.42,476.36,2.56,285
305,41,102,6.98,-7.51,-0.85,343.84,261.46,1217.77,2.56,285
305,40,101,7.11,-6.94,-0.94,254.30,465.62,1192.69,2.56,285
304,39,101,6.61,-6.49,-0.89,46.56,694.84,913.32,2.56,285
304,39,101,6.62,-6.52,-0.82,-272.21,823.78,676.93,2.56,285
304,39,100,5.73,-6.48,-1.53,-365.33,988.54,243.55,2.56,285
305,38,100,5.34,-6.46,-2.44,-569.48,777.22,1095.99,2.57,285
305,38,100,6.01,-6.23,-3.11,-444.13,823.78,694.84,2.56,285
305,37,100,5.66,-6.17,-3.70,-204.15,845.27,605.30,2.57,285
305,37,99,6.38,-6.45,-4.00,-28.65,680.52,1221.35,2.56,285
304,36,99,6.81,-6.81,-3.29,490.69,805.87,931.23,2.56,285
304,35,98,6.04,-8.62,-2.58,598.14,637.54,1858.88,2.56,286
303,35,97,5.54,-8.64,-1.82,866.76,415.47,967.05,2.57,286
302,34,96,5.65,-7.22,-0.39,515.76,-14.33,934.81,2.56,286
301,34,97,5.71,-6.21,0.20,-487.11,-419.05,469.20,2.56,286
301,33,98,6.09,-5.60,-0.10,-1561.60,-530.09,-304.44,2.56,286
302,34,99,6.73,-6.16,-0.52,-2066.62,-336.68,-1085.24,2.57,286
304,35,100,5.83,-7.34,-1.47,-1837.39,-14.33,-1461.32,2.56,286
305,35,101,5.05,-7.07,-0.66,-899.00,35.82,-207.74,2.56,286
305,35,101,4.29,-6.30,0.14,422.64,465.62,96.70,2.56,286
305,35,100,3.51,-5.55,0.38,1808.74,995.70,175.50,2.57,286
304,35,98,4.72,-5.66,0.28,2428.37,1185.53,2177.65,2.56,286
302,33,95,4.97,-5.90,0.31,3653.30,2234.96,2994.27,2.56,286
300,31,91,5.71,-7.79,-0.26,5218.48,3345.27,3359.60,2.56,286
298,29,87,6.17,-9.24,-0.49,6848.14,4358.88,4677.65,2.56,286
295,25,80,5.43,-12.11,-1.63,7636.10,4573.78,5730.66,2.56,286
291,20,74,2.76,-12.65,-0.10,8789.40,4337.39,6325.21,2.56,286
286,15,68,1.05,-10.19,2.93,8656.88,2288.68,8492.12,2.56,286
281,10,64,2.80,-6.59,6.12,7464.18,182.66,8595.99,2.57,286
276,6,59,2.28,-8.62,4.32,6712.03,393.98,5225.64,2.56,286
273,3,55,1.26,-8.12,7.80,5659.03,891.83,5497.85,2.56,286
270,0,52,1.46,-8.06,6.05,5182.66,551.58,4910.46,2.56,286
267,-1,49,-1.42,-6.10,7.01,5272.21,1002.87,5770.06,2.56,286
263,-5,47,-15.70,5.55,7.74,-11482.81,2550.14,401.15,2.56,286
266,-1,47,2.15,-4.71,6.38,-909.74,-1056.59,1855.30,2.56,286
267,0,48,0.27,-6.65,8.85,-2034.38,-232.81,-3202.01,2.57,286
268,0,50,-1.01,-7.76,7.93,-4136.82,-959.89,-3506.45,2.56,286
270,3,53,1.38,-8.01,5.43,-6053.01,-2020.06,-4412.61,2.57,286
274,7,58,4.03,-9.68,3.41,-8040.83,-2840.26,-7220.63,2.56,287
278,13,64,4.25,-6.13,3.42,-9355.30,-3642.55,-7131.09,2.57,287
284,19,71,3.98,-7.75,0.32,-9767.19,-3757.16,-11045.85,2.56,287
290,25,76,2.92,-7.91,-2.49,-10007.16,-5522.92,-7693.41,2.56,287
293,30,85,4.44,-4.69,-2.79,-10057.31,-6468.48,-3782.23,2.57,287
296,33,94,4.09,-4.90,-1.78,-8964.90,-5992.12,-5315.19,2.56,287
299,35,102,3.00,-5.11,-1.02,-7818.77,-6131.81,-3169.77,2.56,287
300,36,108,11.99,-8.62,-0.80,-5297.28,-4931.95,-5404.73,2.57,287
303,38,114,12.14,-10.56,-2.73,-2876.07,-3026.50,-3595.99,2.56,287
302,37,115,9.39,-6.00,-2.57,-415.47,-727.08,1196.28,2.56,287
302,37,114,6.06,-8.12,-4.32,1525.79,1049.43,752.15,2.56,287
301,36,113,4.94,-6.14,-3.39,1769.34,1053.01,1883.95,2.56,287
300,36,111,5.17,-5.27,-2.51,1228.51,805.87,433.38,2.56,287
300,36,111,6.53,-6.26,-3.63,236.39,565.90,-508.60,2.56,287
300,36,111,5.90,-6.31,-2.89,-222.06,393.98,-959.89,2.56,287
302,37,111,4.87,-7.17,-3.89,-315.19,218.48,-1411.17,2.57,287
302,38,111,5.68,-7.50,-3.73,-46.56,-497.85,-630.37,2.57,287
302,38,111,7.12,-7.93,-4.44,630.37,-737.82,-340.26,2.56,287
301,38,111,6.50,-7.17,-4.92,1214.18,-1160.46,32.23,2.56,287
299,38,111,6.71,-6.34,-5.65,1540.11,-1866.05,-633.95,2.56,287
298,38,111,7.15,-5.34,-6.39,1386.10,-2711.32,-1167.62,2.56,287
296,38,113,5.80,-4.61,-8.00,565.90,-3975.64,-2206.30,2.56,287
294,38,116,4.15,-2.89,-8.58,-454.87,-5748.57,-2808.02,2.56,287
293,38,120,4.95,0.76,-6.84,-1654.73,-6855.30,-4111.75,2.56,287
294,39,127,5.07,-0.59,-6.58,-3151.86,-7424.79,-7718.48,2.56,287
297,40,136,6.84,1.76,-1.77,-4437.68,-7485.67,-8302.29,2.56,287
303,40,145,14.41,-4.69,2.18,-5727.08,-6070.92,-7453.44,2.57,288
309,40,151,30.12,-13.10,7.86,-5196.99,-2793.70,-6149.71,2.56,288
317,42,155,39.20,-11.68,9.38,-2922.64,5419.05,-379.66,2.57,288
323,48,150,32.38,-12.97,3.09,236.39,15322.35,5619.63,2.56,288
324,54,137,26.75,-20.37,-18.92,5462.03,23141.12,13732.09,2.56,288
317,52,104,28.78,-8.07,-17.33,12532.24,25766.48,18166.19,2.56,288
312,42,71,12.79,-7.90,-21.11,17245.70,30522.92,15555.16,2.57,288
304,21,51,0.64,-6.94,-25.49,20916.91,25891.83,23373.93,2.56,288
293,4,39,20.73,8.87,-14.07,24591.69,16067.33,27632.52,2.56,288
282,-12,22,14.88,-8.44,-10.36,24355.30,16350.29,14212.03,2.56,288
279,-24,5,2.58,-1.00,-1.62,23964.90,16994.99,5501.43,2.56,288
286,-40,-4,-38.84,7.88,-4.88,16239.25,16790.83,11389.68,2.56,288
278,-40,-17,-11.54,3.93,4.52,9340.97,-1042.26,21346.71,2.57,288
271,-35,-30,-11.76,14.03,7.64,8409.74,-881.09,8277.22,2.56,288
267,-30,-35,-8.55,9.21,6.99,1271.49,-4727.79,10784.38,2.56,288
260,-22,-35,5.49,2.19,5.15,-2378.22,-8133.95,11597.42,2.56,288
259,-19,-35,-0.90,3.73,4.54,-977.79,-3101.72,-2209.89,2.57,288
259,-17,-33,-2.17,1.62,4.84,-2467.77,-4212.03,2020.06,2.56,288
258,-13,-31,-0.33,1.03,4.53,-2184.81,-5100.29,1909.03,2.56,288
259,-10,-30,-2.28,3.46,5.59,-1626.07,-4781.52,891.83,2.56,288
258,-6,-29,1.60,2.88,7.79,-1404.01,-4853.15,2127.51,2.57,288
258,-4,-28,1.36,3.87,7.82,-777.22,-3481.38,311.60,2.56,288
258,-2,-27,2.28,3.55,9.18,-1020.77,-3151.86,1525.79,2.56,288
258,-1,-27,2.93,5.03,9.37,-773.64,-1497.13,0.00,2.57,288
258,0,-26,1.07,4.43,9.15,-1214.18,-530.09,755.73,2.56,288
257,0,-25,1.70,3.25,8.32,-1257.16,-107.45,1579.51,2.56,288
256,0,-25,0.62,3.70,8.56,-863.18,472.78,533.67,2.56,288
256,0,-24,-0.36,3.75,8.04,-852.44,454.87,1056.59,2.56,289
255,0,-24,-1.13,6.49,8.65,-1067.34,218.48,1468.48,2.56,289
254,0,-23,-1.21,3.88,9.19,-1568.77,46.56,737.82,2.56,289
254,1,-21,-0.63,5.39,8.77,-2500.00,-633.95,1973.50,2.56,289
259,2,-8,2.34,-0.28,11.58,-2005.73,315.19,-927.65,2.56,289
260,1,-7,1.34,-0.17,11.37,-1697.71,866.76,-1583.09,2.56,289
264,-2,-5,0.15,0.09,9.42,-727.08,1529.37,-1053.01,2.56,289
265,-3,-4,1.35,0.34,8.55,-888.25,1239.26,351.00,2.56,289
264,-4,-4,-0.30,2.35,8.29,-941.98,1235.67,1285.82,2.56,289
263,-4,-3,-0.90,1.10,8.04,-1339.54,870.34,1876.79,2.56,289
261,-4,-2,0.29,1.18,7.85,-1608.17,343.84,3166.19,2.56,289
259,-5,-1,0.89,0.15,8.13,-1389.68,436.96,2542.98,2.57,289
258,-5,-1,0.12,1.70,8.28,-1142.55,583.81,1966.33,2.57,289
257,-5,0,-1.48,0.80,8.80,-992.12,716.33,419.05,2.56,289
256,-6,0,-1.14,2.12,9.27,-1407.59,82.38,1482.81,2.56,289
256,-6,1,-1.02,1.14,9.95,-1389.68,-168.34,46.56,2.56,289
255,-5,1,0.05,0.69,9.78,-1855.30,-616.05,1045.85,2.56,289
255,-5,3,1.08,0.89,9.46,-1830.23,-565.90,483.52,2.57,289
255,-5,4,0.83,-0.81,9.29,-1554.44,-336.68,-594.56,2.56,290
255,-4,5,0.26,-1.37,9.38,-1292.98,-429.80,-118.19,2.56,290
256,-4,5,-0.45,-0.46,9.20,-916.91,-533.67,-200.57,2.57,290
256,-4,6,-1.30,-1.19,9.57,-873.93,-777.22,25.07,2.57,290
255,-3,6,-0.71,-0.42,9.95,-1006.45,-1289.40,1042.26,2.56,290
254,-2,7,0.68,-0.34,10.04,-1006.45,-1479.23,992.12,2.56,290
254,-1,8,0.50,-1.99,10.22,-1038.68,-1332.38,623.21,2.56,290
253,-1,8,1.35,-1.72,10.22,-906.16,-1210.60,888.25,2.56,290
253,0,9,1.26,-1.94,9.87,-734.24,-838.11,508.60,2.56,290
253,0,9,1.15,-1.60,9.51,-515.76,-580.23,351.00,2.56,290
252,0,10,0.81,-1.46,9.53,-479.94,-526.50,863.18,2.56,290
252,0,10,1.15,-1.05,9.43,-419.05,-304.44,501.43,2.57,290
252,0,10,0.78,-2.13,10.04,-229.23,32.23,-440.54,2.56,290
252,0,10,1.02,-1.77,9.85,-415.47,10.74,719.91,2.57,290
252,0,10,1.00,-1.74,9.97,-311.60,232.81,204.15,2.56,290
253,0,10,0.80,-1.89,9.74,-143.27,583.81,-744.99,2.57,290
253,0,11,0.32,-2.07,9.42,-179.08,601.72,-376.07,2.56,290
253,0,11,-0.33,-2.30,9.15,-64.47,616.05,-687.68,2.56,290
254,0,11,-0.05,-2.31,9.23,-118.19,358.17,46.56,2.56,290
254,0,11,0.07,-2.17,9.20,-7.16,282.95,-7.16,2.57,290
254,0,11,0.09,-2.13,9.37,46.56,182.66,60.89,2.56,290
254,0,11,0.28,-1.93,9.45,75.21,139.68,78.80,2.57,290
254,0,11,0.24,-1.98,9.57,96.70,143.27,-139.68,2.57,290
254,0,11,-0.12,-2.24,9.39,211.32,161.17,-673.35,2.56,290
255,0,11,-0.53,-1.54,8.92,196.99,0.00,-608.88,2.56,290
255,0,10,-0.32,0.01,8.46,329.51,17.91,-2292.26,2.57,290
258,0,10,-1.98,-1.29,7.72,454.87,100.29,-4494.99,2.56,290
260,1,10,-1.78,-1.81,7.22,-78.80,-984.96,-2489.26,2.56,291
261,2,10,-0.65,-1.23,6.53,-96.70,-1812.32,-2113.18,2.56,291
263,4,10,0.85,-1.21,5.99,-25.07,-2267.19,-2693.41,2.56,291
265,5,10,3.07,-1.61,7.12,408.31,-2600.29,-3696.28,2.56,291
267,7,9,3.63,-0.88,6.75,211.32,-2840.26,-3001.43,2.56,291
269,10,9,3.95,-0.21,7.63,85.96,-2965.62,-3030.09,2.56,291
270,12,9,3.20,-0.58,7.81,-680.52,-3760.74,-1292.98,2.57,291
270,14,10,2.63,-0.08,7.06,-1568.77,-4659.74,-150.43,2.56,291
270,18,11,3.80,-0.18,7.65,-1916.19,-5261.46,-684.10,2.56,291
270,21,13,5.58,-1.59,6.73,-2747.13,-5977.79,121.78,2.56,291
270,25,16,9.42,-1.46,7.04,-3384.67,-6493.55,1719.20,2.57,291
269,28,18,10.55,-2.27,6.10,-3456.30,-5773.64,225.64,2.56,291
270,32,20,9.67,-3.40,6.40,-3255.73,-4874.64,-1848.14,2.56,291
271,35,23,10.97,-2.20,8.01,-3878.94,-5003.58,433.38,2.56,291
271,38,27,7.92,-1.31,8.00,-4566.62,-4036.53,-1457.74,2.56,291
273,40,30,7.70,-3.70,7.79,-5744.99,-4398.28,-1715.62,2.56,291
275,43,34,8.05,-4.28,6.89,-6389.68,-4416.19,-2152.58,2.56,291
279,47,38,7.57,-8.16,5.51,-6214.18,-4444.84,-4498.57,2.56,291
281,51,44,8.10,-6.96,5.28,-6697.71,-5333.09,-64.47,2.56,291
283,53,50,6.67,-5.88,5.27,-6318.05,-4992.84,-1794.41,2.56,291
285,55,58,5.89,-5.60,4.05,-6952.01,-5533.67,931.23,2.56,291
286,56,68,6.83,-5.49,3.07,-6898.28,-5207.74,-694.84,2.57,291
289,59,77,5.99,-6.15,1.74,-6515.04,-4946.27,-1558.02,2.56,291
291,59,84,6.12,-5.40,0.77,-6540.11,-5096.71,93.12,2.56,291
294,60,94,7.45,-3.22,0.99,-5533.67,-3750.00,-3481.38,2.56,291
299,62,102,6.86,-5.32,0.09,-5304.44,-3459.89,-2421.20,2.57,291
301,61,110,7.56,-5.14,-0.67,-5401.15,-3148.28,2277.94,2.57,292
301,59,113,7.91,-4.26,-1.46,-4620.34,-2123.93,2990.69,2.56,292
302,57,116,9.89,-5.53,-0.97,-3513.61,-787.97,3184.10,2.56,292
300,54,115,8.83,-7.89,-2.87,-2768.62,290.11,7747.13,2.56,292
297,50,113,7.56,-6.04,-3.25,-494.27,2080.95,7012.89,2.56,292
295,48,110,6.11,-5.19,-2.48,1421.92,3527.94,2256.45,2.56,292
295,47,105,6.03,-5.84,-2.75,1751.43,3846.70,3352.44,2.56,292
293,45,100,6.34,-5.38,-2.63,2152.58,4004.30,4086.68,2.56,292
292,43,97,7.30,-6.44,-2.34,2313.75,3968.48,4946.27,2.57,292
290,41,92,6.91,-6.13,-1.83,2811.60,4391.12,3434.81,2.56,292
288,38,88,7.19,-8.48,-2.05,2095.27,3825.21,6027.94,2.56,292
286,34,85,9.25,-7.95,-2.13,2503.58,4058.02,2141.83,2.56,292
286,33,83,7.93,-8.22,-0.88,856.02,3008.60,2489.26,2.57,292
286,32,82,5.43,-6.25,0.17,-501.43,2152.58,85.96,2.56,292
289,34,82,4.03,-5.23,0.39,-3090.97,279.37,-2417.62,2.56,292
292,35,86,6.46,-4.38,0.11,-5748.57,-1797.99,-3399.00,2.56,292
295,37,90,6.94,-6.60,-1.80,-7385.39,-2901.15,-3542.26,2.57,292
299,39,97,8.11,-7.18,-1.82,-7453.44,-2958.45,-2854.58,2.57,292
303,41,103,8.27,-6.84,-1.39,-6027.94,-2005.73,-3298.71,2.56,292
307,43,108,7.20,-7.26,-0.81,-4212.03,-766.48,-2593.12,2.56,292
310,44,110,5.80,-7.83,-1.26,-2356.73,308.02,-795.13,2.56,292
311,44,111,5.99,-7.85,-1.90,-447.71,1045.85,1783.67,2.56,292
311,43,109,5.76,-8.45,-2.51,1321.63,2020.06,1923.35,2.57,292
308,41,105,7.03,-7.45,-2.93,2636.10,2388.97,5100.29,2.56,292
305,38,102,7.89,-8.23,-3.31,3141.12,2532.23,5315.19,2.57,292
302,36,98,5.37,-8.83,-1.81,3037.25,2360.32,3989.97,2.57,292
299,33,96,4.45,-6.50,0.36,1400.43,755.73,3370.34,2.56,292
298,32,96,3.92,-5.79,0.98,-347.42,-243.55,1407.59,2.56,293
297,31,96,5.10,-6.16,0.32,-1873.21,-1078.08,999.28,2.56,293
297,30,98,7.05,-6.70,-0.31,-2625.36,-1239.26,555.16,2.57,293
297,30,100,9.20,-9.99,-1.81,-2962.03,447.71,1926.93,2.57,293
299,30,101,-11.33,-3.19,-5.23,-2825.93,2636.10,-308.02,2.57,293
301,31,103,4.99,-8.92,-4.32,-2754.30,-139.68,-1081.66,2.56,293
302,31,105,7.11,-6.52,-3.29,-2256.45,-3037.25,-673.35,2.56,293
303,32,107,4.12,-5.13,-2.93,-1737.11,386.82,-1780.09,2.57,293
306,33,108,3.98,-6.97,-2.27,-1765.76,247.13,-1518.62,2.56,293
308,34,109,2.36,-6.26,-1.87,-1242.84,204.15,-1439.83,2.56,293
308,34,110,3.43,-6.17,-1.36,-505.01,57.31,-333.09,2.56,293
309,35,110,2.88,-6.14,-1.64,734.24,637.54,-680.52,2.56,293
308,35,108,3.98,-6.54,-0.84,2292.26,1095.99,734.24,2.56,293
307,34,106,6.34,-11.01,-2.39,4183.38,1672.64,3581.66,2.56,293
303,32,101,5.54,-9.32,-2.83,6894.70,2976.36,4906.88,2.56,293
298,28,94,4.80,-9.51,-2.01,8459.89,3320.20,6232.09,2.56,293
292,23,87,4.23,-9.67,-3.22,9559.46,2639.68,8467.05,2.56,293
285,17,80,3.50,-10.78,-3.06,10637.54,1937.68,8613.90,2.57,293
280,13,74,2.12,-3.36,1.94,12457.02,2904.73,8950.57,2.56,293
275,7,67,9.90,-12.68,1.94,10365.33,2829.51,6128.22,2.56,293
271,2,59,-0.10,-7.36,7.35,9863.90,2811.60,8384.67,2.56,293
268,-1,55,-0.45,-8.79,4.59,7851.00,881.09,7188.40,2.56,293
263,-5,50,-1.04,-4.71,8.08,7940.54,-146.85,6593.84,2.56,293
263,-6,45,-6.56,-4.25,5.03,594.56,8861.03,-2027.22,2.56,293
264,-5,47,-3.37,-13.28,4.11,-1554.44,759.31,-103.87,2.56,293
264,-5,48,-0.55,-8.91,8.95,-1296.56,282.95,-422.64,2.56,293
265,-5,49,-2.30,-8.63,8.71,-2206.30,168.34,-1794.41,2.56,294
266,-3,51,-2.92,-8.42,8.06,-3957.74,-866.76,-2886.82,2.56,294
268,-1,55,0.21,-8.84,6.09,-5881.09,-2242.12,-3825.21,2.57,294
270,1,58,2.46,-10.25,4.43,-6887.54,-2768.62,-5823.78,2.57,294
273,5,63,3.17,-10.31,3.47,-7310.17,-3112.46,-6020.77,2.56,294
277,10,68,3.85,-9.12,2.69,-7159.74,-3098.14,-7371.06,2.56,294
305,40,92,4.08,-2.07,0.60,-5666.19,-4104.58,-6540.11,2.56,294
310,45,99,4.48,-3.71,-0.02,-4444.84,-3194.84,-8456.30,2.57,294
320,52,110,12.75,-10.50,-2.92,383.24,-3.58,2141.83,2.56,294
317,50,108,3.24,-6.58,-3.69,1801.58,1053.01,5967.05,2.56,294
310,45,102,6.16,-3.27,-1.66,1944.84,909.74,3463.47,2.56,294
309,44,101,5.51,-4.43,-0.75,512.18,741.40,1296.56,2.57,294
308,43,101,6.27,-6.14,-0.77,-616.05,429.80,755.73,2.56,294
309,44,101,6.91,-6.89,-1.16,-1278.65,372.49,-279.37,2.56,294
310,43,102,7.38,-6.73,-1.96,-1540.11,222.06,358.17,2.56,294
311,43,102,7.51,-6.72,-2.46,-1085.24,429.80,-265.04,2.56,294
312,43,103,7.77,-6.38,-2.51,-565.90,361.75,512.18,2.56,294
311,43,102,6.47,-6.49,-2.24,39.40,573.07,-128.94,2.56,294
311,43,102,6.34,-6.93,-1.88,383.24,308.02,744.99,2.56,294
310,43,101,6.58,-6.63,-1.53,673.35,71.63,1189.11,2.56,294
309,42,101,6.67,-6.56,-1.52,608.88,-171.92,1604.58,2.56,295
308,41,101,6.83,-6.42,-1.39,551.58,-232.81,1296.56,2.56,295
307,41,100,6.38,-6.40,-1.48,325.93,-229.23,659.03,2.56,295
307,40,100,6.74,-6.36,-1.43,46.56,-347.42,590.97,2.56,295
306,40,100,7.12,-6.47,-1.46,-89.54,-214.90,50.14,2.57,295
306,40,101,6.83,-6.44,-1.61,-125.36,-50.14,-304.44,2.56,295
307,40,101,6.38,-6.74,-1.53,-132.52,64.47,-426.22,2.56,295
307,40,101,6.04,-7.25,-1.93,-71.63,-10.74,-7.16,2.57,295
307,40,101,6.22,-7.16,-1.65,136.10,-111.03,272.21,2.56,295
306,40,101,5.88,-7.05,-1.99,143.27,-290.11,1303.72,2.57,295
305,39,101,6.38,-7.83,-2.00,376.07,-451.29,1819.48,2.56,295
303,37,100,6.20,-6.80,-2.18,684.10,-487.11,2145.42,2.56,295
302,36,100,5.67,-7.08,-2.01,1049.43,-329.51,995.70,2.56,295
300,35,99,5.68,-7.43,-1.58,838.11,-680.52,1651.15,2.56,295
298,34,99,5.82,-6.60,-1.06,999.28,-648.28,544.41,2.56,295
298,35,99,5.54,-6.75,-0.54,809.46,-419.05,-680.52,2.56,295
298,35,99,6.41,-6.54,0.00,386.82,-419.05,-1106.73,2.56,295
298,36,99,5.79,-7.33,-1.25,114.61,-243.55,-1328.80,2.57,295
299,36,99,6.28,-7.00,-1.42,-14.33,-89.54,-1468.48,2.56,295
300,37,99,6.64,-7.06,-1.83,-89.54,139.68,-1053.01,2.56,295
300,38,99,6.17,-7.31,-1.88,-232.81,125.36,139.68,2.56,295
300,38,99,6.12,-6.98,-1.71,-64.47,157.59,-128.94,2.57,295
301,38,99,6.32,-7.38,-2.09,64.47,376.07,-383.24,2.57,295
301,38,99,6.06,-6.94,-1.49,171.92,311.60,-161.17,2.56,295
301,38,99,5.63,-7.02,-1.42,89.54,82.38,354.58,2.57,295
301,38,99,5.67,-7.12,-1.59,-28.65,-196.99,845.27,2.56,295
300,38,99,5.69,-7.19,-1.25,211.32,-247.13,-103.87,2.57,295
300,38,99,6.21,-7.31,-1.50,272.21,-393.98,-150.43,2.56,296
300,38,99,6.43,-7.09,-1.32,444.13,-318.77,-487.11,2.56,296
300,38,99,6.09,-6.88,-1.25,318.77,-365.33,336.68,2.56,296
299,38,99,6.88,-6.89,-1.22,297.28,-322.35,415.47,2.57,296
299,38,99,6.32,-6.66,-0.97,247.13,28.65,-175.50,2.56,296
299,38,99,6.02,-7.35,-1.22,-64.47,161.17,128.94,2.56,296
299,38,98,6.13,-7.19,-1.29,25.07,286.53,-257.88,2.57,296
299,38,98,6.26,-6.94,-0.99,-50.14,300.86,-10.74,2.57,296
299,38,98,6.25,-7.00,-1.19,-146.85,393.98,35.82,2.56,296
300,38,98,6.24,-7.37,-1.62,-114.61,526.50,-146.85,2.56,296
300,38,98,5.95,-7.06,-1.30,-71.63,544.41,-118.19,2.57,296
301,38,98,5.95,-7.10,-1.31,-71.63,419.05,182.66,2.57,296
301,38,98,5.91,-7.42,-1.37,-32.23,282.95,265.04,2.56,296
301,38,98,5.98,-6.96,-1.15,42.98,139.68,222.06,2.57,296
301,38,97,5.93,-7.14,-1.32,42.98,71.63,68.05,2.56,296
300,38,98,6.06,-6.58,-1.21,35.82,-175.50,225.64,2.57,296
300,38,98,6.15,-5.97,-2.35,-96.70,-447.71,218.48,2.57,296
300,37,98,9.93,-5.57,-4.04,-941.98,-1318.05,1242.84,2.56,296
300,38,100,10.03,-2.38,-4.80,-877.51,-752.15,-3689.11,2.56,296
305,42,102,8.83,-0.54,-4.99,-2145.42,-1282.23,-8202.01,2.56,296
313,49,107,7.46,0.95,-4.31,-3681.95,-2177.65,-12693.41,2.56,296
324,57,118,8.75,-3.12,-1.48,-4104.58,-3202.01,-15035.82,2.57,296
333,63,129,14.74,-7.83,3.72,-2983.52,-3180.52,-14043.70,2.56,296
343,67,148,18.98,-9.11,7.15,-1070.92,-1031.52,-12729.23,2.56,296
350,71,164,21.52,-13.52,9.07,2080.95,3434.81,-8921.92,2.56,296
351,75,171,23.68,-17.10,7.43,6257.16,9466.33,-5830.95,2.57,296
348,83,-179,20.65,-19.34,-1.36,9806.59,14222.78,-2775.79,2.56,297
337,84,2,16.71,-18.79,-9.32,15028.65,17979.94,7320.92,2.56,297
317,68,28,11.19,-13.35,-18.93,21525.79,16719.20,21203.44,2.56,297
298,56,28,9.69,-8.33,-23.32,29305.16,11640.40,22349.57,2.56,297
273,44,21,9.32,0.71,-22.81,31851.72,6020.77,25472.78,2.57,297
247,38,14,6.07,-1.96,-16.44,31074.50,-2671.92,23724.93,2.56,297
224,41,8,10.47,0.86,-5.97,25888.25,-10927.65,24129.66,2.57,297
211,45,7,23.37,3.07,18.40,4419.77,-12865.33,7106.02,2.57,297
202,50,11,14.53,3.02,5.20,5798.71,-7345.99,7711.32,2.56,297
198,53,12,7.48,0.41,3.62,2252.87,-2596.70,68.05,2.56,297
198,54,12,4.63,0.93,5.18,-1056.59,-1472.06,981.38,2.56,297
198,54,14,8.01,-6.14,3.60,-2439.11,-719.91,-533.67,2.57,297
200,55,14,8.77,-3.07,3.22,-1783.67,154.01,-2138.25,2.56,297
201,54,14,9.40,-3.36,3.06,-1862.46,404.73,268.62,2.56,297
202,54,14,7.28,-3.01,3.17,-1006.45,1020.77,-687.68,2.56,297
202,54,15,7.89,-2.23,3.63,-737.82,759.31,648.28,2.57,297
202,53,16,8.87,-2.17,3.98,-465.62,830.95,1171.20,2.56,297
201,52,17,8.21,-1.10,5.06,-254.30,895.42,1862.46,2.56,297
200,51,19,7.19,-2.10,5.33,-311.60,787.97,2310.17,2.56,297
199,50,20,7.34,-1.75,5.49,-483.52,465.62,2671.92,2.57,297
197,49,22,7.77,-1.03,5.29,-637.54,354.58,2772.21,2.56,297
196,48,25,8.25,-1.08,5.23,-1081.66,308.02,3338.11,2.56,297
194,47,28,8.73,-1.63,5.90,-1386.10,555.16,3553.01,2.56,297
193,46,29,7.36,-4.17,5.78,-902.58,1633.24,368.91,2.56,297
193,45,30,5.58,-2.75,6.50,-909.74,1679.80,1300.14,2.56,297
193,43,30,5.28,-2.60,6.89,-755.73,2030.80,698.42,2.56,297
194,42,30,4.06,-4.65,7.19,-465.62,2328.08,-780.80,2.56,297
195,41,30,4.15,-5.53,7.14,-676.93,1819.48,2439.11,2.56,298
193,39,32,6.19,-5.00,6.79,-644.70,1558.02,4305.16,2.56,298
192,36,33,4.12,-3.94,7.13,3.58,2188.40,2668.34,2.56,298
189,34,34,3.50,-2.43,7.91,-526.50,1758.60,4906.88,2.56,298
187,32,35,4.92,-3.08,7.57,-949.14,1683.38,4623.93,2.56,298
186,29,36,4.83,-4.21,7.33,-637.54,2338.83,1242.84,2.56,298
187,28,36,6.06,-6.73,7.11,-637.54,2793.70,-551.58,2.56,298
188,27,36,5.38,-6.56,6.77,-358.17,3198.42,-164.76,2.57,298
188,25,36,4.76,-6.04,5.82,-211.32,3416.91,977.79,2.56,298
189,23,35,4.12,-4.90,6.22,-128.94,3538.68,1540.11,2.57,298
188,20,36,3.26,-4.83,6.50,-372.49,2994.27,1934.10,2.56,298
188,18,36,2.65,-3.96,7.45,-254.30,2822.35,393.98,2.57,298
189,17,35,2.97,-5.03,7.75,-272.21,3012.18,-1060.17,2.56,298
190,16,35,2.31,-6.09,8.11,-494.27,2897.56,-730.66,2.57,298
191,14,35,2.14,-5.74,7.94,-662.61,2120.34,590.97,2.56,298
191,13,36,2.13,-4.96,8.11,-583.81,1769.34,132.52,2.57,298
192,12,36,2.62,-5.81,8.07,-569.48,2267.19,-1095.99,2.56,298
193,12,36,2.13,-6.36,7.73,-598.14,1837.39,-558.74,2.56,298
193,11,36,2.35,-6.32,7.91,-590.97,1095.99,630.37,2.56,298
193,10,36,2.55,-6.04,8.29,-372.49,691.26,139.68,2.56,298
193,10,36,2.00,-6.33,8.60,14.33,533.67,-1010.03,2.56,298
194,10,36,1.22,-4.81,8.21,-85.96,-204.15,-64.47,2.57,298
194,11,36,1.31,-3.45,8.32,-222.06,-805.87,-179.08,2.56,298
193,11,37,1.95,-4.46,7.64,-623.21,-1153.30,211.32,2.56,298
193,12,37,1.93,-5.38,6.41,-941.98,-1762.18,1479.23,2.56,298
191,12,38,3.06,-6.70,5.89,-941.98,-1955.59,1744.27,2.56,298
183,13,42,2.18,-6.38,6.52,-608.88,-2138.25,1633.24,2.56,299
181,13,43,2.47,-7.18,6.36,-540.83,-2152.58,1504.30,2.57,299
170,12,47,2.67,-6.54,6.36,-512.18,-2055.87,2539.40,2.56,299
168,12,48,2.48,-7.15,6.33,-372.49,-1676.22,2120.34,2.57,299
167,12,49,2.49,-7.03,6.53,14.33,-1135.39,616.05,2.56,299
167,12,48,1.90,-6.78,6.55,214.90,-780.80,78.80,2.56,299
166,12,49,1.48,-6.96,6.41,161.17,-820.20,988.54,2.57,299
165,12,49,1.49,-6.65,6.39,168.34,-805.87,1332.38,2.57,299
164,12,49,1.58,-6.75,6.34,161.17,-823.78,1686.96,2.57,299
163,11,49,1.84,-7.21,6.41,275.79,-716.33,1640.40,2.56,299
162,11,49,2.02,-7.05,6.30,512.18,-393.98,1017.19,2.56,299
161,10,48,1.80,-6.93,6.31,612.46,-222.06,913.32,2.56,299
160,10,48,1.95,-6.75,6.47,633.95,-96.70,1006.45,2.57,299
160,10,48,1.77,-6.34,6.54,648.28,132.52,830.95,2.56,299
159,9,47,1.48,-6.45,6.65,590.97,275.79,684.10,2.57,299
159,9,47,1.63,-7.13,6.58,598.14,483.52,232.81,2.56,299
159,8,46,1.46,-7.12,6.56,558.74,519.34,501.43,2.57,299
159,8,46,1.12,-6.74,6.54,458.45,419.05,999.28,2.56,299
158,7,46,1.35,-6.66,6.74,515.76,519.34,300.86,2.57,299
158,7,46,0.97,-6.19,6.71,411.89,447.71,390.40,2.56,300
158,7,45,0.83,-6.62,6.73,243.55,275.79,519.34,2.56,300
158,6,45,0.92,-7.51,6.86,347.42,365.33,-243.55,2.57,300
158,6,45,0.85,-7.19,6.72,293.70,136.10,232.81,2.57,300
158,6,45,1.08,-6.54,6.88,100.29,-154.01,1282.23,2.56,300
157,6,45,1.25,-6.40,7.07,17.91,-146.85,956.30,2.56,300
157,5,45,0.92,-5.79,6.91,-17.91,10.74,-28.65,2.56,300
157,5,45,0.74,-6.15,6.62,-282.95,-107.45,50.14,2.57,300
157,5,45,0.97,-7.00,6.31,-358.17,-171.92,-21.49,2.56,300
157,6,45,0.83,-7.34,6.29,-222.06,-196.99,-368.91,2.56,300
157,6,45,0.65,-7.15,6.35,-35.82,-293.70,-533.67,2.56,300
157,6,46,0.52,-7.13,6.51,42.98,-540.83,57.31,2.56,300
156,6,46,0.60,-6.41,6.62,10.74,-748.57,687.68,2.56,300
156,6,46,0.86,-6.22,6.77,-3.58,-813.04,723.50,2.56,300
155,6,46,1.26,-6.66,6.71,96.70,-590.97,-96.70,2.56,300
155,6,46,1.44,-7.25,6.54,100.29,-558.74,218.48,2.57,300
155,6,46,1.41,-7.25,6.56,175.50,-623.21,676.93,2.56,300
154,6,46,1.47,-6.22,6.85,157.59,-594.56,1296.56,2.56,300
153,6,46,1.26,-6.06,7.04,46.56,-433.38,1002.87,2.56,300
152,6,46,0.80,-6.39,7.13,35.82,-182.66,-146.85,2.56,300
153,6,46,0.67,-6.60,6.88,7.16,-103.87,-343.84,2.56,300
152,6,46,0.91,-7.15,6.84,-161.17,-232.81,401.15,2.56,300
152,6,46,1.28,-7.22,6.85,-53.72,-154.01,243.55,2.57,300
152,6,46,1.16,-6.94,6.77,85.96,-10.74,68.05,2.57,300
152,6,46,1.06,-6.06,6.54,35.82,10.74,440.54,2.56,300
152,6,46,0.64,-5.65,6.65,46.56,121.78,-35.82,2.56,300
152,6,46,0.45,-6.06,6.75,-3.58,222.06,-651.86,2.56,300
153,6,46,-0.06,-7.63,6.51,136.10,257.88,-1264.33,2.57,301
153,7,46,0.24,-7.84,6.48,318.77,132.52,-1056.59,2.56,301
153,6,45,0.06,-7.86,6.54,404.73,-340.26,859.60,2.56,301
152,6,45,0.38,-7.38,6.72,770.06,-329.51,121.78,2.56,301
153,6,45,0.60,-6.19,6.80,834.53,-290.11,-318.77,2.56,301
152,6,44,0.31,-6.35,6.92,533.67,-619.63,920.49,2.57,301
151,6,44,0.34,-6.65,7.19,512.18,-705.59,723.50,2.56,301
151,6,44,0.86,-7.21,7.37,823.78,-562.32,-594.56,2.56,301
151,7,43,0.44,-7.15,6.94,863.18,-1035.10,662.61,2.57,301
150,7,43,0.48,-6.33,6.57,841.69,-1407.59,1629.66,2.56,301
148,7,43,0.35,-6.26,6.69,949.14,-1629.66,1386.10,2.56,301
147,7,42,0.03,-6.62,6.74,1260.74,-1658.31,290.11,2.57,301
147,8,41,0.27,-6.90,6.03,1350.29,-1952.01,1024.36,2.56,301
145,8,41,1.34,-6.62,5.97,1285.82,-2317.34,2453.44,2.56,301
142,8,40,1.93,-6.25,6.14,1242.84,-2525.07,3660.46,2.56,301
138,7,40,1.40,-6.70,6.02,1035.10,-2682.66,5128.94,2.56,301
133,6,40,-0.14,-7.88,5.14,429.80,-3592.41,9480.66,2.56,301
125,3,41,0.78,-8.70,5.73,204.15,-4631.09,13413.32,2.56,301
112,0,41,1.86,-9.54,6.02,-286.53,-5766.48,17564.47,2.56,301
99,-5,40,3.97,-8.74,5.90,132.52,-5716.33,17260.03,2.56,301
90,-8,39,3.32,-5.53,6.14,1314.47,-4337.39,12811.60,2.56,301
81,-11,37,1.82,-4.66,7.08,1529.37,-3778.65,11586.68,2.57,301
73,-13,34,0.37,-3.28,7.78,1722.78,-3090.97,9484.24,2.56,301
68,-15,31,-1.46,-2.48,8.91,1815.90,-2374.64,5959.89,2.56,301
66,-15,30,-2.77,-2.36,9.69,1529.37,-1955.59,3277.22,2.56,301
64,-15,28,-3.81,-4.83,9.54,1504.30,-1593.84,641.12,2.56,301
65,-14,28,-24.39,-21.23,-27.33,-9527.22,13785.82,-11346.71,2.57,302
67,-12,28,6.45,-9.98,12.45,-866.76,-1393.27,-325.93,2.56,302
65,-13,28,-1.45,-10.53,9.04,-383.24,-494.27,5934.81,2.56,302
60,-15,27,-1.47,-5.68,8.46,-25.07,-777.22,8169.77,2.56,302
53,-17,25,-1.61,-2.68,7.92,-175.50,-945.56,9849.57,2.56,302
48,-19,24,-2.92,-2.02,8.34,-111.03,-472.78,6780.09,2.56,302
44,-20,23,-3.62,-2.68,7.54,96.70,-111.03,3227.08,2.56,302
42,-21,22,-2.86,-2.10,7.94,-136.10,-236.39,2890.40,2.56,302
39,-21,22,-2.48,-2.80,8.06,-214.90,-390.40,2521.49,2.56,302
38,-21,21,-3.34,-4.31,8.02,-103.87,-358.17,1697.71,2.56,302
35,-22,21,-3.28,-3.89,8.57,-322.35,-1045.85,4000.72,2.56,302
34,-22,20,-3.48,-3.67,8.46,111.03,-949.14,2227.79,2.56,302
32,-22,19,-3.62,-2.70,8.38,143.27,-1174.79,2593.12,2.56,302
30,-21,18,-3.60,-2.31,8.39,-28.65,-1482.81,2754.30,2.56,302
28,-21,17,-3.41,-1.06,8.36,-28.65,-1561.60,1837.39,2.56,302
27,-20,17,-3.37,-1.71,8.08,-50.14,-1411.17,-71.63,2.57,302
27,-19,17,-2.95,-2.31,8.38,-254.30,-1633.24,32.23,2.57,302
27,-18,17,-2.99,-2.52,8.56,-93.12,-1482.81,-1550.86,2.56,302
29,-17,18,-2.26,-2.93,8.50,297.28,-1146.13,-3896.85,2.56,302
31,-15,18,-2.16,-3.68,8.67,358.17,-1160.46,-3846.70,2.56,302
32,-14,18,-12.02,-12.54,-1.29,497.85,-4287.25,-841.69,2.56,302
29,-14,18,4.88,-3.49,9.36,-164.76,-100.29,3492.12,2.56,302
29,-14,18,-1.98,-3.34,8.76,-82.38,57.31,512.18,2.57,302
29,-14,18,-2.98,-2.47,8.96,351.00,386.82,-1325.21,2.56,302
30,-14,18,-3.16,-2.64,8.88,161.17,182.66,-684.10,2.56,302
30,-14,18,-2.44,-3.71,8.78,-14.33,-196.99,93.12,2.57,302
30,-14,18,-2.58,-3.60,8.80,257.88,-57.31,-580.23,2.56,302
30,-13,18,-2.31,-3.81,8.77,411.89,-125.36,-673.35,2.56,303
30,-13,18,-2.18,-3.25,8.94,501.43,-214.90,-404.73,2.56,303
30,-13,17,-2.54,-3.03,8.92,300.86,-343.84,547.99,2.57,303
30,-13,17,-2.26,-1.91,9.14,254.30,-479.94,934.81,2.57,303
29,-13,17,-2.14,-2.85,8.99,85.96,-626.79,1472.06,2.56,303
28,-13,17,-2.11,-2.57,9.05,25.07,-712.75,1812.32,2.56,303
26,-13,16,-2.08,-2.19,9.17,-68.05,-784.38,2242.12,2.56,303
25,-13,16,-1.56,-2.52,9.22,-161.17,-773.64,2345.99,2.56,303
23,-13,16,-1.62,-2.70,9.18,17.91,-583.81,1454.15,2.56,303
23,-12,15,-1.33,-2.28,9.29,207.74,-390.40,601.72,2.56,303
22,-12,15,-1.84,-2.45,9.19,222.06,-254.30,315.19,2.57,303
22,-12,15,-1.73,-2.33,9.25,107.45,-325.93,981.38,2.56,303
21,-12,15,-2.07,-2.36,9.16,-39.40,-479.94,1823.07,2.56,303
19,-12,14,-1.78,-2.70,9.21,-136.10,-537.25,2177.65,2.56,303
18,-12,14,-1.36,-1.98,9.37,85.96,-322.35,1257.16,2.56,303
17,-12,14,-1.82,-1.85,9.34,25.07,-78.80,673.35,2.56,303
17,-12,13,-2.11,-2.06,9.27,-53.72,-32.23,659.03,2.56,303
16,-12,13,-2.20,-2.11,9.25,-28.65,50.14,7.16,2.56,303
16,-12,13,-2.14,-2.17,9.22,-25.07,10.74,3.58,2.56,303
16,-12,13,-1.96,-2.44,9.19,-50.14,-35.82,-32.23,2.56,303
16,-12,13,-1.93,-2.30,9.24,-35.82,-17.91,7.16,2.57,303
16,-12,13,-2.00,-2.18,9.25,-32.23,-32.23,-10.74,2.56,304
16,-12,13,-1.84,-2.36,9.22,-32.23,14.33,-21.49,2.56,304
16,-12,13,-1.93,-2.19,9.25,-32.23,-7.16,-17.91,2.56,304
16,-12,13,-1.83,-2.22,9.28,-39.40,35.82,-25.07,2.56,304
16,-12,13,-1.95,-2.38,9.26,-32.23,35.82,-32.23,2.56,304
